ID,RSNTECH,SETTLED,ROUGH,MILITARY,ASS2CLOS,OUTCOME,LASTACT,LACODE,AGEATAPP,GENDER,ROOFLESS,HSGLIST,RSNMTN,ASSESS,APP2ASS,APPEAL,SPTNDS,LC_THIS_LA,CONTACT,SUPPORT,PROPERTY,ETHNICITY,PREVIOUS,FUTURE
1,1,0,0,1,191,3,8,1,29,1,0,1,6,1,10,0,1,1,1,2,1,5,0,1
2,5,1,0,1,117,4,4,0,36,1,0,1,6,1,13,0,1,1,1,4,10,2,1,0
3,5,0,0,1,82,1,6,1,37,1,0,0,9,1,13,0,1,3,1,4,1,1,0,0
4,6,0,1,1,21,2,6,0,26,1,0,0,7,1,8,0,3,1,1,4,4,1,0,0
5,2,0,0,1,55,6,1,0,42,1,0,0,6,1,7,0,7,2,1,4,1,1,0,0
6,8,0,0,1,70,2,5,1,37,1,0,0,9,1,12,0,7,1,1,2,4,1,0,0
7,8,0,0,1,77,1,3,1,52,1,0,0,5,1,17,0,1,1,1,4,1,2,0,0
8,4,0,0,1,241,2,6,0,40,1,0,0,7,1,12,0,5,1,1,2,6,1,0,0
9,6,1,0,1,0,9,9,1,33,1,0,0,9,1,29,0,2,1,0,4,3,1,0,1
10,10,0,1,3,101,2,6,1,34,1,0,0,5,1,9,0,1,1,1,2,1,1,0,0
11,9,1,1,1,117,2,1,0,28,1,0,0,4,1,24,0,1,1,1,4,3,2,0,0
12,6,0,0,1,155,5,1,1,37,1,0,0,7,1,14,0,6,1,1,3,5,1,0,0
13,4,0,1,1,28,1,6,0,39,1,0,0,5,1,22,0,1,3,1,2,6,1,1,0
14,6,1,0,1,39,1,2,1,37,0,0,0,7,1,21,0,1,1,1,4,1,3,0,0
15,10,0,0,1,109,7,6,1,31,1,0,0,9,1,20,0,1,1,1,2,1,1,0,1
16,1,0,0,1,22,8,4,0,37,0,0,0,4,1,24,1,1,1,1,2,1,1,0,0
17,10,0,0,1,28,1,5,1,47,1,0,0,5,1,12,0,2,1,1,2,1,1,0,0
18,8,0,0,1,28,7,3,1,34,0,0,0,9,1,27,0,7,1,1,4,4,1,0,0
19,7,0,1,1,24,1,2,1,40,1,1,1,3,1,1,0,7,2,1,2,4,1,0,0
20,10,0,1,3,46,1,7,0,44,0,0,0,9,1,5,0,1,1,1,2,1,2,0,1
21,8,0,0,1,49,8,1,0,30,0,0,1,9,1,23,0,2,1,1,2,1,2,0,0
22,10,0,0,1,35,1,1,0,37,1,0,1,8,1,17,0,1,1,1,2,1,1,0,0
23,5,0,1,1,0,9,9,0,47,1,0,1,2,1,17,1,7,1,0,2,4,2,1,1
24,5,0,1,1,0,9,9,0,45,0,1,0,2,1,27,0,6,1,0,4,8,1,1,0
25,8,1,1,2,54,2,7,0,38,0,0,0,9,1,9,0,1,1,1,2,5,3,0,1
26,9,1,1,1,55,2,7,0,40,1,1,0,8,1,7,0,1,1,1,3,4,1,0,0
27,6,1,0,1,55,7,2,1,28,0,0,0,9,1,27,0,7,1,1,4,10,1,1,0
28,6,1,0,1,102,6,7,1,42,1,0,0,8,1,24,0,1,1,1,2,1,1,0,1
29,6,1,0,1,241,1,6,1,22,1,0,0,8,1,24,0,2,1,1,2,1,1,0,1
30,4,0,0,1,75,2,6,1,42,1,0,0,8,1,2,0,3,1,1,2,6,5,1,1
31,7,0,0,1,4,3,3,0,29,1,0,0,5,1,27,0,4,1,1,2,9,3,1,0
32,1,1,0,1,61,2,2,0,34,0,0,0,9,1,20,0,1,1,1,4,1,1,0,0
33,4,1,0,1,191,1,7,0,36,0,0,0,4,1,23,0,6,4,1,2,6,2,0,0
34,7,0,0,1,227,2,7,0,48,1,0,0,9,0,8,0,2,1,1,2,9,3,1,1
35,6,0,0,1,13,8,8,1,29,1,0,1,3,1,7,0,4,4,1,2,5,1,0,1
36,9,1,1,1,167,8,6,1,28,1,0,0,5,1,6,0,5,1,1,1,1,2,0,1
37,5,0,0,1,26,1,6,0,34,1,0,0,3,1,12,0,1,1,1,4,9,6,1,0
38,10,0,1,1,0,9,9,1,32,0,1,0,9,0,23,0,6,1,0,2,10,3,0,1
39,7,1,0,1,8,2,8,1,28,1,0,1,7,1,1,0,6,2,1,4,4,1,0,0
40,1,1,0,1,107,1,5,1,40,1,0,0,9,1,11,0,1,1,1,1,3,1,0,0
41,9,0,0,1,14,7,2,1,34,0,0,0,7,1,13,1,2,2,1,2,5,1,0,0
42,6,1,0,1,34,2,6,1,38,0,0,0,1,1,5,0,1,1,1,1,3,1,0,1
43,2,0,1,1,57,1,4,1,34,1,0,0,5,1,1,0,1,1,1,4,10,1,1,0
44,10,0,0,1,150,2,7,1,39,1,0,0,7,1,12,0,1,1,1,4,1,1,0,0
45,5,0,0,1,24,1,7,1,30,1,0,0,7,1,16,0,1,1,1,4,1,1,0,1
46,5,0,0,2,73,2,4,1,39,1,0,0,8,1,6,0,7,1,1,2,9,1,0,0
47,5,1,0,1,181,7,1,1,31,1,0,0,1,1,17,0,2,1,1,2,8,2,1,0
48,8,0,0,1,324,2,4,1,31,1,0,0,5,1,1,0,1,1,1,2,1,1,0,0
49,10,1,0,1,57,2,4,1,39,1,0,0,5,1,8,0,1,1,1,1,2,1,0,1
50,6,0,0,1,4,1,5,0,45,0,0,0,3,1,25,0,1,4,1,2,5,1,0,1
51,9,1,0,1,84,5,6,1,32,1,0,1,9,1,15,0,1,1,1,2,8,1,0,1
52,10,0,0,1,44,6,7,1,24,1,0,0,3,1,14,0,6,1,1,4,1,1,0,0
53,7,0,0,1,22,1,6,0,34,1,0,0,9,1,2,0,2,2,1,4,1,5,0,0
54,7,0,0,1,152,7,6,1,34,1,0,1,7,1,3,0,1,1,1,2,4,1,0,0
55,10,1,1,1,0,9,9,1,38,1,1,0,8,1,19,0,6,1,0,1,3,1,0,1
56,5,1,0,1,196,1,7,1,35,0,0,1,1,1,8,1,1,1,1,4,3,1,0,0
57,8,0,0,1,94,7,4,1,36,1,0,0,5,1,29,0,6,1,1,2,4,1,0,0
58,4,0,0,1,64,3,4,0,30,1,0,0,2,1,24,0,1,1,1,2,7,1,1,0
59,10,0,0,3,82,2,2,0,29,0,0,0,3,1,22,0,7,1,1,2,1,6,0,0
60,6,0,0,3,72,8,7,1,34,1,0,0,9,1,12,0,1,1,1,2,4,3,0,1
61,5,0,0,3,22,1,1,0,33,0,0,1,5,1,29,0,3,1,1,4,9,4,1,0
62,7,0,0,1,150,1,6,1,29,0,0,0,8,1,29,0,1,1,1,2,3,1,0,0
63,4,0,1,1,132,1,7,1,35,0,0,0,2,1,13,0,6,2,1,2,6,2,1,0
64,6,1,0,1,212,5,2,1,34,0,0,0,6,1,13,0,5,1,1,2,10,1,1,0
65,5,0,0,1,102,2,2,0,38,1,0,0,5,1,12,0,4,1,1,2,1,3,0,0
66,6,0,0,1,34,2,2,1,37,1,0,1,3,1,24,0,6,1,1,2,4,1,0,0
67,10,1,0,1,148,7,6,0,26,1,0,1,2,1,26,0,6,1,1,2,4,3,0,0
68,6,0,1,1,263,3,6,0,34,0,0,1,5,1,27,0,4,1,1,4,9,1,1,0
69,1,1,0,1,14,1,8,0,30,1,0,0,8,1,21,0,1,1,1,4,1,1,0,1
70,4,0,1,1,93,1,6,1,26,1,0,1,1,1,0,0,1,2,1,2,7,1,1,0
71,1,1,0,1,17,1,4,0,25,0,0,0,1,1,24,0,1,1,1,2,3,1,1,0
72,5,1,0,1,4,1,3,0,38,0,0,0,5,1,25,0,1,1,1,4,5,1,0,0
73,1,0,0,1,18,8,5,0,35,0,0,0,8,1,13,0,1,1,1,2,2,2,0,0
74,6,1,0,1,7,1,6,1,42,1,0,0,3,1,4,0,1,4,1,4,5,3,0,0
75,9,0,1,1,13,7,2,1,32,1,0,0,8,1,14,0,5,1,1,2,10,1,1,0
76,8,0,0,1,69,8,7,1,30,0,0,0,7,1,6,0,1,1,1,4,5,1,0,1
77,10,0,0,1,141,2,2,1,42,1,0,0,9,1,18,0,1,1,1,2,1,1,0,0
78,6,0,0,1,36,2,7,0,39,0,0,0,7,1,18,0,1,1,1,4,1,3,0,0
79,6,0,0,1,11,6,3,1,34,1,0,0,7,1,16,0,5,1,1,1,1,1,0,0
80,7,1,0,1,101,1,7,1,39,1,0,0,6,1,26,0,1,1,1,2,10,1,1,1
81,7,1,0,2,172,2,3,1,23,0,0,0,8,1,24,0,1,1,1,2,1,1,0,0
82,8,0,0,1,73,2,4,0,27,1,0,0,2,1,1,0,2,2,1,4,9,6,1,0
83,7,1,0,1,78,1,6,1,32,0,0,0,2,1,11,0,3,1,1,4,5,4,0,0
84,8,0,0,1,168,1,4,0,29,0,0,1,7,1,26,0,6,1,1,2,4,4,0,0
85,7,0,0,1,5,1,3,1,28,0,0,0,9,1,5,0,6,1,1,4,3,2,0,0
86,7,0,0,3,167,1,6,1,36,1,0,1,3,1,3,0,1,1,1,4,8,1,1,1
87,5,0,0,1,76,1,8,0,32,1,0,0,1,1,28,0,1,2,1,4,4,1,0,0
88,7,1,0,1,325,1,6,0,38,0,0,0,9,1,4,0,2,1,1,1,1,3,0,1
89,1,1,1,1,0,9,9,0,42,1,0,0,3,1,7,0,1,1,0,1,3,1,1,1
90,10,0,0,3,19,1,1,1,41,1,0,0,9,1,26,0,6,1,1,4,5,2,0,0
91,10,0,0,1,24,2,5,1,35,1,0,0,9,1,18,0,1,1,1,1,1,1,0,1
92,2,0,0,3,0,9,9,0,35,1,0,0,9,1,9,0,1,1,0,4,1,3,0,1
93,10,0,0,1,162,1,4,1,24,0,0,0,4,1,1,0,2,1,1,2,1,1,0,0
94,6,0,0,1,200,7,8,0,38,1,0,0,5,1,24,0,2,1,1,2,4,1,0,0
95,6,0,0,1,6,7,2,1,48,0,0,0,4,1,8,0,1,1,1,4,9,1,1,0
96,2,0,0,1,3,1,6,1,43,0,0,1,3,1,25,0,1,1,1,4,1,1,0,0
97,6,0,0,1,2,8,4,0,41,1,0,0,7,1,30,0,1,1,1,2,4,1,0,0
98,10,0,0,1,0,9,9,1,32,0,0,1,7,1,26,0,1,1,0,2,2,1,0,1
99,6,0,1,1,202,1,7,1,35,1,1,0,3,0,16,0,6,1,1,4,10,1,1,0
100,5,0,0,1,144,1,1,1,31,1,0,1,9,1,11,0,1,1,1,1,5,1,0,0
101,4,0,0,1,0,9,9,1,26,0,0,1,3,1,24,0,1,4,0,2,6,3,1,1
102,6,0,0,1,18,2,3,1,43,0,0,0,5,1,19,0,3,1,1,1,1,1,0,0
103,8,1,1,1,168,1,6,1,57,1,0,0,2,1,21,0,2,1,1,2,1,7,0,0
104,10,0,0,1,32,2,2,0,29,1,0,0,9,1,15,0,1,1,1,4,1,1,0,0
105,1,1,0,1,40,2,6,1,32,0,0,0,9,1,2,0,2,1,1,4,3,1,0,0
106,7,1,0,1,123,5,2,0,44,1,0,1,2,1,24,0,1,2,1,2,4,1,0,0
107,6,0,1,1,90,1,7,0,46,0,1,0,5,1,24,0,2,1,1,2,5,1,0,1
108,5,0,0,1,10,1,8,1,34,1,0,1,9,1,13,0,3,1,1,4,5,1,0,1
109,5,0,0,1,6,1,7,1,44,0,0,0,6,1,5,0,2,1,1,2,5,1,0,0
110,10,0,1,1,115,2,3,1,35,0,0,0,3,1,29,0,7,1,1,4,4,1,0,0
111,5,0,0,1,71,8,2,0,30,1,0,0,6,1,23,0,1,1,1,2,9,1,1,0
112,6,1,1,1,10,6,2,1,37,1,0,0,1,1,28,0,7,1,1,4,10,3,1,0
113,7,0,0,1,137,8,4,1,31,1,0,0,5,1,3,0,1,1,1,2,1,1,0,1
114,4,0,1,1,141,1,7,0,34,1,0,0,9,1,26,0,1,1,1,4,7,1,1,1
115,6,0,0,1,112,6,3,0,32,1,0,1,9,1,15,0,6,1,1,2,4,2,0,0
116,10,1,0,1,17,1,4,1,42,0,0,0,5,1,27,0,2,1,1,1,10,1,1,0
117,7,0,0,1,138,1,7,1,44,1,0,1,2,1,21,0,1,2,1,2,5,1,0,1
118,8,1,0,1,0,1,6,0,37,1,0,0,9,1,30,0,1,1,1,4,1,7,0,0
119,4,0,0,1,0,9,9,1,30,1,0,0,3,1,11,0,2,1,0,1,7,1,1,1
120,7,0,0,1,141,2,4,1,45,1,0,0,9,1,19,0,1,1,1,4,1,1,0,0
121,9,0,1,1,277,2,6,0,36,1,1,0,7,1,13,0,4,1,1,4,8,1,1,0
122,5,1,0,1,291,2,1,1,33,1,0,0,5,1,9,0,3,1,1,1,8,1,1,0
123,7,0,0,1,82,8,2,1,41,1,0,0,9,1,21,0,5,1,1,2,4,1,0,0
124,8,0,1,1,16,7,4,1,38,1,1,0,3,1,3,0,1,1,1,4,2,1,0,0
125,8,1,1,1,81,2,1,1,37,1,1,0,5,1,23,0,1,1,1,2,3,1,0,0
126,7,1,0,1,51,2,2,0,36,1,0,0,8,1,22,0,1,1,1,4,8,1,0,0
127,10,0,0,1,24,1,7,1,39,1,0,0,1,1,28,0,4,1,1,2,1,1,0,0
128,7,1,0,1,59,1,5,1,31,1,0,0,5,1,13,0,1,1,1,4,1,3,0,0
129,5,0,0,3,47,2,6,1,31,1,0,0,3,1,30,1,1,1,1,4,4,1,0,0
130,6,0,0,1,83,1,4,0,31,1,0,0,9,1,16,0,7,1,1,2,4,1,0,0
131,8,0,0,1,4,1,5,0,40,1,0,0,5,1,14,0,1,1,1,4,9,1,0,0
132,10,0,0,1,59,1,6,0,28,0,0,0,6,1,19,0,1,1,1,4,1,1,0,0
133,6,0,0,1,15,2,7,0,45,1,0,0,9,1,27,0,1,2,1,4,5,1,0,1
134,10,0,0,3,91,2,7,0,29,0,0,0,5,1,5,0,1,1,1,2,1,1,0,1
135,10,0,0,1,86,1,7,1,30,0,0,0,3,1,23,0,1,1,1,4,1,1,0,0
136,10,0,1,1,26,2,6,0,33,0,0,0,2,1,21,0,1,2,1,2,4,2,0,1
137,8,1,0,1,16,2,7,0,40,1,0,0,9,1,16,0,5,1,1,2,4,1,0,0
138,4,0,0,1,146,2,7,0,32,1,0,0,9,1,13,0,1,1,1,1,7,1,0,1
139,8,0,1,1,123,3,5,0,27,1,0,0,9,1,14,0,6,1,1,4,4,2,0,0
140,10,0,0,1,146,7,7,1,31,1,0,0,9,1,25,0,1,1,1,2,1,1,0,1
141,6,0,0,1,23,2,7,1,39,1,0,0,3,1,5,0,4,1,1,4,4,1,0,0
142,8,1,0,1,195,2,3,1,44,1,0,0,1,1,18,0,1,1,1,2,4,1,0,0
143,7,0,0,1,242,1,3,1,32,1,0,0,7,1,25,0,1,1,1,4,1,1,0,0
144,7,1,0,1,14,2,6,1,39,1,0,0,9,1,11,0,2,1,1,1,1,1,0,1
145,7,0,1,1,157,1,4,0,43,1,0,1,9,1,26,0,6,1,1,2,5,1,0,0
146,2,1,0,1,21,2,7,1,30,1,0,0,3,1,16,0,1,1,1,4,1,1,0,0
147,10,0,0,1,50,1,6,1,31,1,0,0,9,1,9,0,1,1,1,1,5,3,0,1
148,7,0,0,1,46,1,6,1,23,1,0,1,7,1,27,0,7,1,1,4,4,1,0,0
149,10,1,0,1,2,1,6,1,22,1,0,0,7,1,3,0,1,1,1,2,1,1,0,0
150,8,1,1,1,178,2,2,0,51,0,0,1,3,1,9,0,1,1,1,2,8,1,1,0
151,8,0,1,2,42,1,2,0,36,0,0,1,9,1,15,0,6,4,1,2,5,1,0,0
152,10,1,0,2,11,1,7,1,30,1,0,0,6,1,22,0,7,1,1,2,4,1,0,0
153,2,1,0,1,42,8,2,1,22,1,0,0,5,1,26,0,1,1,1,2,1,1,0,0
154,7,1,0,1,37,2,6,1,45,1,0,0,5,1,8,0,1,1,1,4,8,1,1,1
155,10,0,0,1,134,2,7,1,31,1,0,0,9,1,29,0,1,1,1,2,2,4,0,1
156,6,1,0,1,148,1,7,1,44,0,0,1,5,1,30,0,1,1,1,2,4,1,0,1
157,5,0,1,1,12,8,3,1,37,0,1,0,9,1,9,0,1,1,1,2,1,1,0,0
158,10,0,0,1,20,6,2,1,45,0,0,0,3,1,26,0,1,1,1,4,2,2,0,0
159,10,0,1,1,100,1,5,1,32,0,1,0,5,1,14,0,5,1,1,2,1,1,0,0
160,5,1,0,1,178,5,3,1,40,1,0,0,9,1,12,0,5,1,1,2,4,1,0,0
161,10,0,0,2,129,3,3,1,43,0,0,0,5,1,29,0,5,1,1,4,4,1,0,0
162,7,1,1,1,167,8,7,1,29,1,0,1,9,1,26,0,1,1,1,2,1,1,0,1
163,5,0,0,1,182,1,6,0,28,1,0,0,9,1,10,0,1,2,1,2,9,1,0,0
164,5,1,0,1,18,1,6,1,37,1,0,1,7,1,6,0,6,1,1,4,10,1,1,0
165,5,0,0,1,1,1,7,1,37,1,0,0,9,1,5,1,6,4,1,2,1,1,0,0
166,1,0,0,1,49,2,1,1,33,1,0,0,4,1,22,0,1,1,1,4,3,1,1,0
167,2,1,0,1,86,1,6,0,35,1,0,0,9,1,19,0,1,1,1,2,1,3,0,1
168,9,0,0,1,34,1,7,1,35,0,0,0,7,1,1,0,1,1,1,4,10,1,1,0
169,5,1,0,1,0,9,9,1,34,1,0,0,5,1,30,0,4,1,0,2,5,3,0,1
170,7,0,0,1,16,2,3,1,27,1,0,0,7,1,4,0,6,1,1,1,4,1,0,0
171,6,0,0,1,96,7,8,0,38,0,0,0,4,1,7,0,1,1,1,2,4,1,0,1
172,8,1,0,1,2,1,2,1,41,1,0,1,6,1,20,0,6,1,1,2,4,1,0,0
173,5,0,0,1,83,1,6,0,31,0,0,0,5,1,10,0,3,1,1,4,9,1,1,0
174,10,0,0,1,8,5,7,0,23,0,0,0,3,1,29,0,7,1,1,2,4,1,0,0
175,7,0,0,1,103,1,7,0,26,1,0,0,7,1,14,0,3,1,1,2,3,1,0,0
176,7,0,0,1,59,6,6,0,41,1,0,1,5,1,26,0,6,1,1,4,9,1,0,0
177,10,0,0,1,64,5,4,1,29,1,0,0,3,1,16,0,2,1,1,4,5,3,0,0
178,6,0,1,1,147,1,5,1,51,0,0,0,1,1,18,0,6,1,1,2,9,1,1,0
179,9,1,0,1,121,7,2,0,31,1,0,1,5,1,10,0,1,2,1,2,8,1,0,0
180,7,1,0,1,36,1,6,1,30,0,0,0,3,1,24,0,6,1,1,4,4,1,0,0
181,10,0,0,3,173,1,2,0,30,0,0,0,5,1,21,1,1,3,1,4,5,1,0,0
182,7,0,0,2,240,1,5,1,25,1,0,0,5,1,5,0,2,4,1,2,5,2,0,0
183,9,1,0,1,76,4,4,0,26,1,0,0,5,1,8,0,3,1,1,2,8,1,1,0
184,4,0,1,1,6,1,1,1,34,1,1,1,3,1,22,0,2,1,1,1,7,1,1,0
185,10,0,1,1,29,2,7,1,35,0,1,1,4,1,13,0,2,1,1,2,3,1,0,1
186,8,0,0,1,316,1,4,1,42,0,0,0,9,1,0,0,1,4,1,4,5,1,0,0
187,8,0,0,1,77,1,1,1,31,1,0,0,5,1,23,0,5,1,1,2,1,1,0,0
188,7,0,0,1,51,5,4,1,31,0,0,0,5,1,21,1,6,1,1,4,10,1,1,0
189,6,0,1,1,78,1,8,0,31,1,1,0,7,1,17,0,1,1,1,1,9,1,1,1
190,7,1,0,1,98,2,6,0,39,1,0,0,3,1,17,0,4,1,1,2,10,1,1,0
191,2,0,0,3,220,1,7,1,32,1,0,0,5,1,23,0,3,1,1,4,10,1,1,0
192,4,0,0,1,146,2,1,1,39,0,0,0,9,1,15,0,3,4,1,4,7,3,0,0
193,7,1,0,1,156,1,1,0,45,1,0,0,7,1,2,0,1,1,1,2,1,1,0,0
194,2,0,0,1,14,1,6,0,38,1,0,0,9,1,10,0,1,1,1,4,1,2,0,0
195,2,0,0,1,112,1,7,0,42,0,0,0,5,1,6,0,1,1,1,2,1,3,0,1
196,6,0,0,1,232,1,2,1,39,1,0,0,9,1,12,0,1,1,1,2,1,1,0,0
197,6,1,0,1,22,1,3,1,38,1,0,0,9,1,13,0,7,1,1,2,4,1,0,0
198,7,1,0,1,49,8,7,0,38,0,0,0,9,1,21,0,1,1,1,2,1,1,0,1
199,6,1,0,1,27,8,7,1,44,1,0,0,5,1,2,0,1,1,1,2,3,1,0,1
200,6,0,1,1,197,1,4,1,29,0,0,0,6,1,1,0,1,1,1,4,10,1,1,0
201,5,0,0,1,37,2,3,1,31,0,0,0,5,1,17,0,5,3,1,4,4,1,0,0
202,8,0,0,1,29,2,3,0,35,0,0,0,8,1,12,0,6,1,1,2,4,1,0,0
203,2,0,0,1,30,1,7,1,33,0,0,0,7,1,25,0,1,1,1,2,2,1,0,1
204,9,1,1,1,45,8,1,1,40,1,0,0,7,1,23,0,1,1,1,4,8,1,0,0
205,8,0,0,1,134,2,1,1,34,0,0,0,1,1,13,0,1,1,1,4,2,1,0,0
206,7,1,0,1,12,2,2,0,27,1,0,0,9,1,3,0,1,1,1,3,1,1,0,0
207,5,1,0,1,287,1,7,1,42,1,0,1,9,1,2,0,1,1,1,4,3,1,0,0
208,10,1,0,1,188,1,1,1,38,1,0,0,7,1,6,1,1,4,1,2,5,1,0,0
209,10,1,1,2,58,2,6,1,45,1,0,0,7,1,12,1,1,1,1,2,10,1,1,1
210,4,0,0,1,85,1,3,1,35,1,0,0,3,1,18,0,1,1,1,4,6,3,1,0
211,5,1,1,1,0,9,9,1,44,1,0,0,5,1,3,0,1,1,0,2,1,3,0,1
212,5,1,1,1,15,1,7,1,29,0,1,0,3,1,6,0,2,1,1,4,3,1,0,0
213,5,0,0,1,0,9,9,1,38,1,0,0,3,1,12,0,6,1,0,4,9,1,1,1
214,10,1,0,1,156,2,1,0,34,1,0,0,4,1,10,0,1,1,1,2,1,3,0,0
215,3,1,0,1,97,2,2,1,30,0,0,0,5,1,2,0,1,2,1,4,10,1,1,0
216,5,0,0,1,74,1,3,0,36,0,0,0,4,1,14,0,5,1,1,2,9,3,1,0
217,9,1,0,1,61,2,2,1,42,1,0,0,3,1,1,0,1,2,1,2,8,1,0,0
218,5,0,0,1,0,9,9,1,35,1,0,0,5,1,17,0,1,3,0,2,5,1,0,1
219,5,0,0,1,83,7,1,0,31,1,0,1,9,1,24,0,2,1,1,1,1,1,0,0
220,10,0,0,1,5,3,1,0,35,1,0,1,7,1,4,0,2,1,1,4,1,1,0,0
221,7,1,0,3,98,7,5,1,42,0,0,0,2,1,18,0,2,2,1,2,3,1,0,0
222,5,0,0,1,38,3,4,0,32,0,0,0,9,1,15,0,6,1,1,2,4,1,0,0
223,8,0,0,1,175,2,1,0,35,1,0,0,9,1,4,0,2,3,1,2,4,1,0,0
224,2,1,0,1,11,1,7,0,35,1,0,0,4,1,15,0,1,1,1,4,1,1,0,0
225,5,0,1,1,24,2,2,1,24,1,1,0,7,1,2,0,7,1,1,4,4,1,0,0
226,4,0,1,1,82,1,1,1,40,1,1,0,3,1,12,0,1,1,1,2,7,1,1,0
227,7,1,0,1,136,6,7,1,28,1,0,0,3,1,3,1,2,4,1,4,2,1,0,0
228,5,0,1,1,166,3,6,1,35,0,0,1,5,0,28,0,5,2,1,4,4,1,0,0
229,9,0,0,1,6,5,1,0,41,1,0,0,9,1,9,0,1,1,1,2,8,1,0,0
230,4,0,1,1,57,2,6,0,34,1,0,1,8,1,13,0,1,1,1,4,6,1,0,0
231,8,1,0,2,36,1,8,0,38,1,0,0,9,1,27,1,7,2,1,4,5,1,0,0
232,4,0,1,1,46,1,7,1,30,1,1,1,9,1,14,0,2,1,1,2,7,1,1,0
233,10,0,0,1,221,8,1,1,40,0,0,1,5,1,19,0,1,1,1,4,1,1,0,0
234,5,0,1,1,73,7,8,1,32,1,0,0,3,1,24,0,7,2,1,2,4,3,1,0
235,2,1,0,1,0,9,9,1,33,0,0,0,9,1,5,0,1,1,0,4,10,1,1,1
236,10,1,0,3,95,8,2,1,29,0,0,0,6,1,20,0,1,1,1,2,3,1,0,0
237,5,1,0,1,226,1,2,1,38,1,0,0,5,1,25,0,1,2,1,2,3,1,0,0
238,5,1,0,2,15,7,7,0,40,1,0,0,7,1,29,0,1,1,1,2,3,1,0,1
239,10,1,0,1,44,1,4,1,28,1,0,0,3,1,2,0,5,4,1,2,6,1,0,0
240,4,0,0,1,202,3,7,0,40,1,0,0,9,1,13,0,1,2,1,2,6,1,0,1
241,7,1,0,1,127,3,3,1,37,0,0,0,4,1,29,0,2,2,1,4,3,1,0,0
242,5,1,1,1,147,1,2,0,46,1,0,0,6,1,3,1,2,1,1,2,10,1,1,0
243,7,0,1,1,23,5,5,1,29,0,0,0,7,1,12,0,4,1,1,2,1,1,0,0
244,5,1,0,1,0,9,9,0,40,1,0,0,2,1,2,1,1,2,0,2,4,3,0,1
245,2,1,1,1,7,1,3,1,31,0,1,0,3,1,28,0,1,1,1,2,1,1,0,0
246,10,0,0,1,85,1,6,0,26,1,0,0,5,1,19,0,3,1,1,1,2,2,0,0
247,7,0,0,1,10,7,2,1,31,0,0,0,7,1,5,0,1,1,1,4,1,1,0,0
248,5,1,0,1,250,1,4,0,28,1,0,1,9,1,29,0,1,1,1,4,5,3,0,0
249,7,0,0,3,9,3,7,0,38,1,0,0,7,1,15,0,1,1,1,4,1,1,0,0
250,5,0,1,1,80,7,6,0,32,1,1,0,1,1,4,0,1,1,1,2,4,5,1,1
251,5,1,0,1,63,2,5,1,30,1,0,1,5,0,9,0,6,1,1,3,5,1,1,0
252,10,1,0,1,87,5,4,1,60,1,0,1,3,1,12,0,1,1,1,2,2,5,0,1
253,3,1,0,1,66,1,1,1,37,1,0,0,9,1,19,0,4,1,1,2,1,1,0,0
254,6,0,0,1,333,1,6,1,41,1,0,0,6,1,13,0,1,1,1,2,1,1,0,1
255,6,0,0,1,150,1,6,1,44,1,0,0,1,1,5,0,6,1,1,2,4,1,0,0
256,9,0,0,1,19,1,7,0,31,1,0,0,9,1,27,0,1,2,1,1,1,7,0,1
257,5,0,1,1,177,2,1,1,39,0,0,0,7,1,3,1,4,2,1,2,4,1,0,0
258,7,0,1,1,54,3,4,1,38,1,1,1,6,1,4,0,2,1,1,4,8,1,1,0
259,6,0,0,1,1,1,7,1,32,1,0,0,7,1,5,0,1,4,1,4,4,1,0,0
260,6,1,1,1,54,1,7,0,34,1,0,0,6,1,29,0,1,2,1,4,3,1,0,0
261,10,0,1,1,135,1,5,0,36,1,1,0,9,1,29,0,1,1,1,4,3,1,0,0
262,7,0,0,1,138,2,5,0,29,1,0,0,9,1,4,0,1,1,1,1,1,1,0,1
263,5,0,0,1,213,1,4,0,41,1,0,0,9,1,18,0,2,1,1,2,4,1,0,0
264,10,0,0,1,303,1,1,0,27,0,0,0,9,1,8,0,5,1,1,4,1,1,0,0
265,2,1,1,1,48,2,7,1,42,1,0,0,8,1,25,0,1,1,1,4,1,3,0,0
266,7,0,0,1,312,1,1,1,35,0,0,0,2,1,10,0,7,1,1,1,10,1,1,0
267,7,0,0,2,119,8,2,1,45,1,0,0,3,1,7,0,1,1,1,2,1,1,0,0
268,7,0,0,1,21,1,4,1,32,1,0,0,9,1,25,1,3,1,1,4,4,2,0,0
269,7,0,0,1,58,2,6,1,46,1,0,1,8,1,14,0,7,1,1,2,4,1,0,0
270,2,1,1,1,28,7,6,1,51,1,0,0,3,1,12,0,1,1,1,4,1,5,1,1
271,6,0,0,1,56,1,7,0,33,1,0,0,3,1,14,0,2,1,1,2,1,1,0,1
272,5,0,1,1,24,1,2,1,38,0,1,0,6,1,1,0,1,1,1,2,9,1,1,0
273,2,0,0,1,84,1,3,1,30,1,0,0,3,1,12,0,3,1,1,4,10,1,1,0
274,9,1,0,1,145,1,1,1,51,1,0,0,9,1,26,0,1,1,1,2,8,1,0,0
275,10,1,0,1,34,7,5,0,39,0,0,0,2,1,13,0,4,1,1,4,10,1,1,0
276,5,0,0,1,61,7,1,0,38,1,0,0,5,1,15,0,6,1,1,4,8,6,1,0
277,10,0,1,1,2,2,2,0,45,1,0,0,2,1,18,0,1,1,1,4,8,1,1,0
278,10,0,0,1,117,1,5,1,42,1,0,0,9,1,22,0,3,1,1,2,5,1,0,0
279,7,1,0,1,132,5,5,1,34,1,0,0,2,1,6,0,1,1,1,2,3,1,0,0
280,4,0,0,1,68,8,6,0,35,1,0,1,8,1,28,0,2,4,1,2,6,1,0,0
281,7,1,0,1,244,1,7,0,44,1,0,0,9,1,23,0,2,1,1,4,1,1,0,0
282,3,0,0,1,17,7,6,1,32,1,0,0,9,0,12,0,2,1,1,1,1,1,0,1
283,5,0,0,1,16,6,3,1,48,1,0,0,5,1,29,0,2,1,1,4,9,1,1,0
284,5,0,0,1,17,8,1,1,36,1,0,0,3,1,3,0,3,1,1,2,5,1,0,0
285,5,0,0,1,66,1,3,1,43,1,0,0,3,1,14,0,1,1,1,4,8,1,1,0
286,10,0,0,1,235,8,2,1,40,0,0,0,9,1,1,0,2,1,1,4,4,1,0,0
287,5,0,0,1,35,1,1,1,28,1,0,0,2,1,21,0,2,3,1,2,4,1,0,0
288,1,1,0,1,0,9,9,1,40,0,0,0,5,1,12,0,3,1,0,4,3,1,0,1
289,9,0,0,2,98,7,2,1,34,1,0,1,9,1,18,0,1,2,1,2,1,1,0,0
290,5,1,1,1,34,6,6,0,38,1,0,0,3,1,4,0,1,1,1,4,3,1,1,0
291,5,0,0,1,1,2,3,1,39,1,0,0,9,1,15,0,1,1,1,2,5,1,0,0
292,7,0,0,1,109,1,7,1,32,1,0,0,9,1,19,0,6,3,1,2,5,1,0,0
293,7,0,0,1,178,3,7,1,23,1,0,0,7,1,20,0,6,1,1,4,8,1,0,0
294,5,0,0,1,55,3,3,0,27,1,0,0,3,1,4,0,6,1,1,4,9,1,1,0
295,5,0,0,2,133,1,6,0,36,1,0,0,6,1,14,0,1,3,1,2,4,3,0,0
296,6,1,1,1,45,1,4,0,28,1,1,0,9,1,2,0,1,1,1,4,1,4,0,0
297,9,0,1,1,68,1,7,0,32,0,0,0,9,1,6,0,6,4,1,2,5,1,0,0
298,5,0,1,1,52,1,4,1,45,1,1,0,9,1,26,0,1,1,1,2,1,2,0,0
299,6,0,0,1,59,1,6,1,35,1,0,0,9,1,14,0,5,1,1,4,4,1,0,0
300,5,0,0,1,10,1,1,0,38,0,0,0,9,1,14,0,1,1,1,1,1,1,0,0
301,8,0,1,1,239,8,1,0,38,1,0,0,7,1,27,1,7,1,1,2,9,1,1,0
302,9,0,0,1,52,1,6,1,39,1,0,0,1,1,28,0,1,1,1,4,8,1,1,0
303,4,0,0,1,71,2,1,0,40,1,0,0,5,1,21,0,1,1,1,4,7,1,1,0
304,8,0,0,1,19,1,7,0,24,1,0,0,5,1,14,0,2,1,1,4,9,1,1,0
305,5,0,0,1,7,6,6,0,34,1,0,0,8,1,20,0,1,1,1,2,4,1,0,0
306,10,0,0,1,24,1,2,1,40,1,0,0,2,1,6,0,6,1,1,4,10,2,1,0
307,4,1,0,1,29,3,6,1,28,0,0,0,3,1,14,0,3,1,1,4,6,3,1,0
308,5,1,1,1,219,2,2,1,39,1,1,0,8,1,16,0,5,1,1,4,4,1,0,0
309,2,1,0,1,29,8,7,1,49,1,0,1,3,1,21,0,1,1,1,2,1,2,0,1
310,4,0,0,1,275,1,3,1,37,0,0,0,9,1,21,0,2,1,1,4,7,1,1,0
311,10,0,0,2,188,8,2,1,22,0,0,1,9,1,1,0,1,1,1,4,1,1,0,0
312,6,1,0,1,88,1,6,1,28,1,0,0,5,1,17,0,1,1,1,2,3,1,0,1
313,6,1,0,1,55,1,2,0,35,1,0,0,5,1,14,0,1,1,1,4,4,1,0,0
314,10,1,0,1,230,1,7,1,37,0,0,0,9,1,18,0,1,1,1,1,1,1,0,1
315,5,1,0,2,113,7,7,1,32,1,0,0,5,1,2,0,6,1,1,2,4,1,0,0
316,4,1,1,1,254,2,3,0,36,1,0,1,5,1,5,1,4,1,1,4,6,1,1,0
317,4,0,0,2,28,2,3,0,27,1,0,0,5,1,10,0,1,1,1,2,7,1,1,0
318,8,0,1,1,116,4,6,1,33,1,0,0,5,1,5,0,1,1,1,2,3,3,0,1
319,5,1,0,1,35,1,2,1,46,0,0,0,9,1,2,0,1,1,1,2,10,1,1,0
320,5,0,0,1,214,2,7,0,34,0,0,1,3,1,14,0,5,1,1,4,8,1,1,0
321,7,0,0,1,0,9,9,0,45,0,0,0,8,1,27,0,1,1,0,4,2,2,0,1
322,5,0,0,1,12,2,2,1,26,1,0,0,5,1,6,0,1,1,1,2,8,1,1,0
323,10,0,0,1,37,2,7,1,39,1,0,0,7,1,7,0,1,4,1,2,6,1,0,1
324,4,1,0,1,122,2,7,0,34,1,0,0,9,1,20,0,3,1,1,4,6,1,0,0
325,5,0,0,3,5,2,1,1,28,1,0,0,3,1,9,0,1,2,1,2,5,2,0,0
326,10,0,0,1,198,1,1,1,31,1,0,1,3,1,14,0,2,1,1,2,1,1,0,0
327,10,0,0,1,97,7,4,0,37,1,0,0,1,1,27,0,1,1,1,2,1,1,0,0
328,2,1,0,3,70,1,5,1,39,1,0,0,9,1,13,0,5,1,1,2,1,3,0,0
329,4,0,0,1,284,3,4,1,35,1,0,0,4,1,24,0,1,1,1,4,7,1,1,0
330,4,0,0,1,96,1,1,0,36,1,0,0,2,1,14,0,1,1,1,2,7,1,1,0
331,6,0,0,1,170,1,6,0,42,0,0,0,9,1,11,1,2,3,1,2,4,1,0,0
332,4,0,1,1,84,1,3,1,34,1,0,0,3,1,6,0,2,1,1,4,7,1,1,0
333,7,0,0,1,10,1,3,0,37,1,0,0,9,1,1,0,5,1,1,2,9,1,0,0
334,10,1,0,1,97,2,7,0,40,1,0,0,9,1,25,0,5,1,1,2,4,1,0,0
335,4,0,1,1,47,1,4,1,32,1,1,0,6,1,24,0,1,1,1,2,7,4,1,0
336,5,0,0,1,148,6,7,1,32,1,0,1,8,1,16,0,7,4,1,1,4,1,0,0
337,10,1,0,1,14,3,3,0,41,0,0,0,7,1,11,0,1,1,1,4,1,1,0,0
338,6,0,1,1,90,1,3,0,35,0,1,0,2,1,12,0,3,1,1,2,4,1,1,0
339,7,0,0,1,33,8,1,0,40,0,0,0,1,1,7,0,6,1,1,2,8,6,1,0
340,5,0,1,3,89,2,3,0,30,1,1,0,5,1,25,0,6,1,1,4,4,1,0,0
341,5,1,0,1,23,7,4,1,39,1,0,0,3,1,9,0,5,1,1,4,3,1,0,0
342,4,0,0,1,35,3,7,1,38,1,0,0,2,1,17,0,3,1,1,2,7,1,1,0
343,8,0,0,1,63,1,1,1,20,1,0,1,6,1,4,0,1,1,1,2,5,1,0,0
344,1,1,0,1,106,1,7,1,28,1,0,1,4,1,28,0,2,1,1,4,10,5,1,0
345,10,0,0,2,82,1,3,1,40,1,0,0,5,1,2,0,1,1,1,2,4,1,0,0
346,6,1,1,1,39,1,3,1,33,1,1,0,3,1,1,1,1,1,1,4,3,1,0,0
347,8,0,0,1,257,1,7,0,47,1,0,0,8,1,5,0,1,1,1,4,8,2,0,0
348,5,1,0,1,17,3,7,1,39,1,0,0,3,1,4,0,2,1,1,2,3,1,0,0
349,10,1,0,1,121,2,2,1,37,1,0,1,6,1,26,0,1,1,1,4,4,1,0,0
350,10,0,0,1,5,1,2,0,45,0,0,0,1,1,20,0,3,1,1,1,4,1,0,0
351,6,1,1,1,23,1,6,1,25,0,1,1,9,1,4,0,1,1,1,4,1,1,0,0
352,5,1,1,1,270,1,5,0,28,0,0,0,5,1,9,0,3,2,1,4,4,1,1,0
353,6,0,0,1,93,1,2,1,30,1,0,0,9,1,11,0,1,1,1,2,1,1,0,0
354,1,1,0,1,315,8,1,1,39,1,0,0,9,1,22,0,1,1,1,4,3,1,0,0
355,10,0,1,3,157,3,5,0,35,1,0,0,8,1,21,0,7,1,1,4,4,2,0,0
356,5,1,0,1,78,1,3,0,36,0,0,0,2,1,20,0,4,1,1,4,8,3,1,0
357,10,0,0,1,136,1,7,0,32,1,0,1,6,1,20,0,1,1,1,4,1,2,0,1
358,6,0,0,1,83,3,6,1,44,1,0,0,9,0,7,0,1,4,1,2,5,1,0,1
359,2,0,1,1,277,3,7,1,32,1,1,0,3,1,1,0,2,1,1,2,1,1,0,1
360,7,0,0,1,73,3,7,0,34,0,0,0,3,1,29,0,4,1,1,4,4,1,0,0
361,7,1,0,2,41,1,4,1,45,0,0,1,8,1,28,0,1,2,1,4,3,1,0,0
362,2,1,0,1,252,2,1,1,40,1,0,0,3,1,24,0,1,1,1,4,10,1,1,0
363,10,0,0,3,60,8,3,0,38,1,0,1,4,1,17,0,1,1,1,4,1,1,0,0
364,6,0,0,1,56,2,6,1,30,1,0,1,9,0,7,0,1,1,1,1,1,1,0,1
365,10,0,0,1,187,2,8,1,31,1,0,0,5,1,25,0,5,1,1,4,2,1,0,0
366,10,0,0,1,12,1,2,0,40,0,0,1,1,1,7,0,6,1,1,2,4,3,0,0
367,6,1,0,1,31,2,6,1,38,1,0,0,3,1,5,0,1,1,1,4,5,1,0,0
368,2,1,0,1,106,3,3,1,34,1,0,1,7,1,19,0,1,1,1,2,10,1,1,0
369,1,1,1,1,53,1,4,1,28,1,0,0,9,1,10,0,1,1,1,4,3,1,0,0
370,1,1,0,1,233,1,3,1,37,1,0,0,9,1,1,0,1,1,1,4,10,1,1,0
371,10,0,0,1,127,1,3,1,30,1,0,1,9,1,12,0,6,3,1,3,4,1,0,0
372,7,1,0,1,2,1,6,1,43,1,0,0,9,1,11,0,1,1,1,2,3,1,0,0
373,6,0,1,1,204,2,7,0,26,1,0,0,5,1,22,0,1,3,1,4,4,1,0,0
374,2,0,0,1,67,5,7,1,35,0,0,0,5,1,10,0,1,1,1,2,1,1,0,0
375,8,0,1,1,40,7,3,1,35,1,1,1,5,1,3,0,6,1,1,2,9,1,1,0
376,10,0,0,1,72,1,6,0,43,1,0,0,9,1,12,0,1,1,1,2,9,1,0,0
377,6,1,1,1,149,1,5,0,32,1,0,0,3,1,9,0,1,1,1,2,4,1,0,1
378,10,1,0,1,15,1,7,1,41,0,0,1,5,1,30,0,1,1,1,4,4,1,0,0
379,7,0,0,1,12,1,1,1,27,1,0,1,3,1,22,1,2,2,1,2,5,3,0,0
380,2,1,0,3,97,2,4,0,40,1,0,1,2,1,10,0,6,1,1,2,1,1,0,0
381,7,0,0,1,92,1,6,1,38,0,0,0,9,1,26,0,3,1,1,1,9,1,1,0
382,10,1,0,2,67,1,7,0,43,0,0,0,9,1,24,0,1,4,1,2,1,7,0,1
383,4,0,0,1,23,1,1,1,31,0,0,0,8,1,5,0,1,1,1,1,7,1,0,0
384,5,1,1,1,294,1,6,0,34,1,1,0,8,1,2,0,1,1,1,2,8,2,1,0
385,7,0,0,1,10,2,2,1,35,0,0,0,9,1,28,0,7,1,1,2,9,1,0,0
386,10,0,0,1,0,9,9,0,51,1,0,0,4,1,2,0,3,4,0,2,6,1,0,1
387,2,0,0,1,73,2,6,1,42,1,0,0,6,0,13,1,1,1,1,2,1,1,0,0
388,7,0,0,1,2,1,7,1,40,1,0,0,2,1,27,0,1,1,1,2,4,1,0,1
389,4,0,1,1,128,3,1,1,29,1,1,0,3,1,13,0,6,3,1,2,6,1,1,0
390,5,1,0,1,115,2,7,1,46,1,0,0,7,1,15,0,1,1,1,2,3,1,0,1
391,5,0,0,1,7,1,5,0,32,1,0,0,4,1,22,0,2,1,1,1,1,1,0,1
392,6,1,0,1,15,1,7,1,37,1,0,0,7,1,12,0,1,1,1,4,4,1,0,0
393,6,0,1,1,152,8,2,0,41,0,1,0,2,1,24,0,1,1,1,2,4,1,1,0
394,1,0,0,1,53,1,8,0,42,1,0,0,1,1,8,1,2,1,1,2,2,1,1,1
395,6,0,0,1,24,6,2,1,43,1,0,1,5,0,7,0,5,1,1,4,4,2,0,0
396,10,1,0,1,44,2,3,1,34,1,0,0,6,1,10,0,6,1,1,2,10,1,1,0
397,7,0,0,1,68,1,3,1,46,1,0,0,3,1,24,0,1,1,1,4,9,1,1,0
398,6,1,0,1,87,2,2,1,37,0,0,0,9,1,6,0,1,1,1,4,1,6,0,0
399,5,0,0,1,135,1,7,1,38,1,0,0,9,1,5,0,1,1,1,4,5,6,0,0
400,8,1,1,1,0,9,9,0,35,1,0,0,9,1,10,0,1,1,0,4,10,2,0,1
401,5,0,0,1,35,5,3,0,50,1,0,1,3,1,24,0,3,1,1,1,8,1,1,0
402,10,1,0,1,167,2,1,1,38,1,0,0,8,1,21,0,1,1,1,4,3,5,0,0
403,7,1,1,1,319,1,6,0,30,1,0,0,3,1,9,0,1,1,1,3,3,1,0,1
404,5,1,0,1,187,1,6,1,34,1,0,0,7,1,6,0,2,4,1,2,4,1,0,0
405,9,0,0,1,0,9,9,1,34,1,0,0,7,1,6,0,1,1,0,4,4,1,0,1
406,9,0,1,1,59,2,2,1,33,1,0,0,6,1,27,0,1,1,1,4,2,1,0,0
407,5,1,1,1,139,1,1,0,43,0,1,1,9,1,26,0,5,1,1,4,4,1,0,0
408,9,0,0,1,3,1,5,1,34,1,0,0,3,1,9,0,2,1,1,2,8,1,1,0
409,5,0,0,1,130,1,5,1,34,0,0,0,5,1,20,1,1,1,1,2,1,1,0,0
410,7,0,0,1,14,2,1,0,40,0,0,0,1,1,1,0,1,1,1,4,8,1,1,0
411,7,0,1,1,32,2,7,1,35,1,1,0,2,1,3,0,1,4,1,2,5,1,0,1
412,6,0,0,1,11,1,7,0,44,1,0,0,6,1,14,0,1,1,1,2,4,2,0,1
413,2,0,1,1,112,1,4,1,25,1,1,0,9,1,24,0,1,2,1,4,1,1,0,0
414,4,0,0,1,104,8,1,1,32,1,0,0,3,1,21,0,5,1,1,4,6,1,1,0
415,6,0,0,1,53,2,7,1,38,1,0,0,4,1,12,0,3,1,1,2,9,1,0,0
416,1,1,0,1,36,1,6,1,41,1,0,0,6,1,24,0,3,1,1,4,1,1,1,0
417,5,1,0,1,121,2,4,0,30,1,0,0,8,1,21,0,1,4,1,1,1,1,0,0
418,7,0,0,1,167,6,5,1,27,1,0,0,5,1,1,0,1,1,1,2,1,1,0,0
419,5,1,0,1,85,1,3,1,39,0,0,0,4,1,20,0,1,1,1,2,3,1,0,0
420,6,0,1,1,77,1,4,1,51,1,1,0,1,1,11,0,2,3,1,4,9,1,1,0
421,10,0,0,1,61,1,7,1,29,0,0,0,8,1,5,0,5,4,1,4,4,1,0,0
422,2,1,0,1,32,2,1,0,35,0,0,0,9,1,27,0,3,2,1,4,1,1,0,0
423,5,1,0,1,15,1,4,1,46,1,0,0,7,1,14,0,1,2,1,4,4,1,0,0
424,9,1,0,1,21,1,6,1,34,0,0,0,8,1,24,0,6,1,1,4,8,1,0,0
425,7,0,0,1,53,2,7,0,34,1,0,0,1,1,15,0,6,1,1,4,9,6,1,0
426,10,1,0,3,37,1,1,0,43,0,0,1,3,1,23,0,6,1,1,2,5,1,0,0
427,7,1,0,1,187,1,7,1,38,1,0,0,6,1,10,0,2,1,1,2,5,1,0,1
428,5,1,0,1,3,8,7,1,39,1,0,0,4,1,9,0,3,2,1,2,4,4,0,1
429,9,1,1,1,43,1,8,1,28,0,1,0,3,1,1,0,1,1,1,2,8,1,1,1
430,6,1,0,2,98,1,1,0,35,1,0,1,9,1,7,0,1,1,1,4,1,3,0,0
431,6,1,0,1,46,2,5,0,34,1,0,0,3,1,9,0,5,1,1,2,4,3,0,0
432,10,1,0,1,100,4,6,1,46,1,0,0,5,1,16,0,6,4,1,2,4,1,0,0
433,7,0,0,1,3,1,8,1,35,1,0,0,2,1,21,0,1,1,1,2,4,1,0,1
434,10,1,0,1,28,2,5,0,37,1,0,0,3,1,21,0,1,1,1,4,3,1,0,0
435,7,0,0,1,81,1,1,1,26,0,0,1,3,1,25,0,2,1,1,4,5,1,0,0
436,4,0,1,1,95,2,1,0,35,1,0,1,3,1,11,0,2,2,1,2,6,6,1,0
437,5,0,0,1,122,1,6,1,39,1,0,0,9,1,26,0,1,4,1,2,8,4,0,0
438,6,1,0,1,35,2,1,1,36,1,0,0,6,1,13,0,1,1,1,4,4,1,0,0
439,5,0,0,1,49,5,5,1,29,0,0,0,7,1,23,0,1,1,1,2,8,1,1,1
440,2,0,0,1,163,1,8,1,28,1,0,0,2,1,25,1,1,1,1,4,1,2,0,1
441,7,1,0,1,211,1,3,1,38,0,0,0,9,1,13,0,7,1,1,2,4,1,0,0
442,7,0,0,1,0,9,9,1,50,1,0,0,4,1,23,0,5,1,0,2,4,1,0,1
443,2,0,0,1,204,2,5,0,46,1,0,0,5,1,11,1,1,1,1,4,1,4,0,0
444,6,0,0,1,164,2,8,1,37,1,0,0,7,1,13,0,1,1,1,4,5,1,0,1
445,10,1,0,1,35,1,4,0,33,0,0,0,3,1,8,0,7,1,1,2,4,1,0,0
446,8,0,0,1,88,2,2,0,36,1,0,0,4,1,7,0,6,4,1,4,4,3,0,0
447,6,0,0,1,14,2,7,0,39,0,0,1,5,1,25,0,6,1,1,2,4,6,0,0
448,2,1,0,1,179,1,6,1,32,1,0,0,8,1,24,0,1,1,1,2,1,1,0,1
449,10,1,0,3,25,4,7,1,38,1,0,1,3,1,8,0,1,1,1,4,4,1,0,0
450,10,1,0,1,115,1,2,0,31,0,0,0,9,1,15,0,6,1,1,2,1,1,0,0
451,10,1,0,1,130,1,7,1,34,0,0,0,6,1,17,0,1,1,1,4,4,1,0,0
452,4,0,0,1,73,1,6,1,38,1,0,1,9,1,12,0,3,1,1,4,7,1,0,0
453,10,0,0,1,30,1,8,1,33,1,0,0,3,1,25,0,1,1,1,2,1,1,0,0
454,5,0,0,1,254,2,7,1,31,1,0,1,5,1,22,0,5,1,1,2,9,1,1,0
455,5,1,1,1,28,1,7,1,45,1,0,0,9,1,19,1,1,1,1,2,1,1,0,1
456,5,1,0,3,4,7,1,0,35,1,0,0,9,1,14,0,1,1,1,2,10,1,1,0
457,5,0,1,1,61,2,6,0,42,0,1,0,7,1,17,0,1,1,1,2,10,1,1,0
458,10,0,0,1,74,2,2,0,31,1,0,0,2,0,29,0,1,2,1,1,7,2,0,0
459,1,0,0,1,8,2,6,1,35,1,0,0,1,1,10,0,1,1,1,1,1,3,1,1
460,5,1,0,1,156,2,8,1,38,0,0,0,9,1,3,0,1,1,1,3,1,1,0,1
461,8,0,0,1,27,1,6,0,34,1,0,1,9,1,4,0,1,1,1,2,1,1,0,0
462,10,0,0,2,5,2,2,1,27,0,0,1,2,1,3,0,1,1,1,1,7,1,0,0
463,1,0,1,1,82,1,6,1,36,0,0,0,9,1,12,0,3,1,1,2,1,1,0,0
464,6,0,1,1,206,2,7,1,30,0,1,0,5,1,3,0,6,1,1,4,1,1,0,0
465,10,0,0,1,3,1,7,1,31,1,0,0,4,1,6,0,5,1,1,1,5,1,0,1
466,5,1,0,1,26,7,1,1,50,1,0,1,6,1,29,0,1,1,1,1,2,1,0,0
467,9,1,0,1,36,1,3,1,23,0,0,1,2,1,17,0,6,1,1,4,8,1,1,0
468,8,1,1,1,229,2,1,0,33,1,1,1,3,1,9,0,1,1,1,2,2,1,0,0
469,9,0,0,1,70,1,7,1,29,0,0,0,4,1,15,0,1,1,1,2,5,1,0,1
470,5,1,0,1,10,1,7,0,40,0,0,0,4,1,19,0,4,1,1,4,1,1,0,0
471,5,0,0,1,77,2,1,1,39,0,0,0,3,1,11,1,2,2,1,4,1,1,0,0
472,7,0,0,1,260,2,3,0,44,1,0,0,2,1,3,1,1,1,1,4,1,1,0,0
473,8,1,0,1,19,2,1,1,40,1,0,0,9,1,22,0,1,1,1,1,1,1,0,0
474,5,0,1,1,106,2,4,0,36,1,1,1,7,1,8,0,1,1,1,4,1,1,0,0
475,7,0,0,1,180,1,3,0,30,1,0,0,7,1,28,0,1,4,1,2,1,1,0,0
476,7,0,0,1,34,2,7,1,40,0,0,0,9,0,18,0,1,2,1,4,4,1,0,0
477,5,0,0,1,124,2,6,0,33,1,0,0,8,1,16,0,3,1,1,4,4,1,0,0
478,2,0,0,1,5,2,7,1,37,0,0,0,9,1,24,0,1,1,1,4,1,1,0,1
479,5,1,1,1,13,1,4,1,37,1,1,0,1,1,21,0,1,1,1,4,3,1,1,0
480,7,1,0,1,29,5,1,0,25,1,0,0,9,1,28,0,1,1,1,2,10,3,1,0
481,5,1,0,1,95,2,3,1,42,1,0,0,5,1,5,0,6,1,1,2,5,1,0,0
482,6,0,0,1,0,9,9,0,47,1,0,0,7,1,10,0,4,1,0,2,4,3,0,1
483,7,1,1,1,0,9,9,1,41,1,1,0,8,1,14,0,1,1,0,4,3,2,0,1
484,6,0,0,1,64,1,7,0,43,0,0,0,3,1,16,0,2,1,1,4,5,1,1,0
485,2,0,0,1,10,1,7,0,41,0,0,0,8,0,15,0,2,1,1,4,1,1,0,0
486,10,0,0,1,229,2,2,1,39,1,0,0,9,1,24,0,5,2,1,2,1,1,0,0
487,9,0,0,1,40,6,6,1,32,0,0,0,9,1,20,0,1,1,1,2,1,1,0,0
488,5,1,1,1,132,1,2,0,37,0,0,1,8,1,3,0,2,1,1,3,3,1,0,0
489,6,1,0,1,6,1,7,1,33,0,0,0,9,1,19,0,3,1,1,2,1,1,0,0
490,5,1,0,1,52,1,6,0,41,1,0,0,9,1,13,0,1,1,1,4,10,1,1,0
491,10,0,1,1,231,1,4,0,42,0,0,0,7,1,17,0,1,1,1,1,1,1,0,0
492,8,0,0,1,268,1,6,1,36,0,0,0,2,1,14,0,1,1,1,4,8,1,1,0
493,7,0,1,1,8,2,6,1,32,1,1,0,5,1,20,0,1,1,1,4,4,4,0,0
494,4,0,0,1,78,4,5,0,45,0,0,0,2,1,30,0,2,1,1,2,7,2,1,0
495,6,0,0,1,210,7,7,1,42,0,0,1,2,1,6,0,1,1,1,1,9,1,1,1
496,5,0,0,1,78,6,1,0,37,1,0,0,3,1,13,0,2,1,1,4,3,3,0,0
497,5,0,0,1,3,1,2,1,40,1,0,0,9,1,17,0,6,1,1,2,4,1,0,0
498,6,1,0,1,171,1,2,1,21,0,0,0,7,1,18,0,5,1,1,4,1,1,0,0
499,5,0,0,1,114,1,7,0,47,1,0,0,4,1,2,0,2,1,1,4,4,3,0,0
500,2,0,0,1,80,8,1,0,34,1,0,0,9,1,23,0,1,2,1,2,1,1,0,0
501,7,1,0,1,2,3,4,1,36,0,0,0,3,1,25,0,1,1,1,4,3,1,0,0
502,2,1,1,1,4,1,1,1,31,0,0,0,3,1,6,0,1,1,1,4,10,1,1,0
503,7,0,0,1,112,1,4,1,28,1,0,0,3,1,23,0,5,2,1,4,4,1,0,0
504,6,0,0,1,83,8,4,1,32,1,0,0,5,1,20,0,3,1,1,4,4,1,0,0
505,5,1,1,1,50,2,1,1,33,1,0,0,6,1,14,0,5,1,1,2,3,1,0,0
506,9,1,0,1,91,1,6,1,32,0,0,0,5,1,16,0,4,1,1,1,10,3,1,0
507,2,1,0,1,133,1,7,1,30,1,0,0,5,1,29,0,5,1,1,4,10,1,1,0
508,7,1,1,1,180,5,1,1,35,1,1,0,3,1,4,0,1,1,1,1,3,1,0,0
509,7,0,0,1,43,1,4,0,33,1,0,1,9,1,9,0,6,1,1,4,4,1,0,0
510,9,1,1,1,105,1,4,1,34,0,1,0,7,1,12,0,2,1,1,2,8,1,0,0
511,9,0,1,1,187,5,8,1,43,1,0,0,3,1,27,0,1,1,1,4,8,1,1,0
512,4,0,0,3,6,1,6,1,32,1,0,0,9,1,23,0,2,1,1,4,7,1,0,0
513,8,0,0,1,46,2,7,0,28,1,0,1,9,1,23,0,1,1,1,4,4,1,0,0
514,10,0,1,1,81,1,4,1,42,0,0,0,5,0,21,1,2,1,1,1,4,1,0,0
515,5,1,0,1,178,1,8,0,34,1,0,0,3,1,30,1,3,1,1,4,10,1,1,0
516,10,1,1,1,98,1,7,1,32,1,0,1,8,1,24,0,5,1,1,4,10,1,0,0
517,7,0,0,1,86,2,6,1,45,1,0,1,3,1,27,0,1,1,1,4,1,6,0,0
518,10,0,1,1,6,1,7,0,40,1,0,0,3,1,11,0,1,1,1,2,3,3,0,1
519,5,0,0,1,62,1,7,1,30,1,0,0,7,1,23,0,1,1,1,4,1,1,0,0
520,10,0,0,3,246,3,3,0,40,1,0,0,8,0,4,0,5,4,1,4,5,3,0,0
521,3,1,0,1,40,1,3,1,42,1,0,0,3,1,22,0,5,1,1,2,1,1,0,0
522,7,1,0,1,113,1,2,1,31,0,0,0,9,1,23,0,1,1,1,2,3,1,0,0
523,5,0,1,1,0,9,9,1,24,1,0,0,5,0,21,0,1,1,0,4,1,1,0,1
524,10,0,0,1,214,2,6,1,35,1,0,0,9,1,1,0,6,1,1,2,4,1,0,0
525,10,1,0,1,80,7,5,1,39,0,0,0,3,1,24,0,1,1,1,2,10,1,0,0
526,5,1,0,1,108,1,7,0,26,0,0,0,7,1,5,0,1,1,1,2,1,4,0,1
527,6,1,0,1,44,1,6,0,36,0,0,0,5,1,23,0,5,2,1,1,4,3,0,0
528,10,0,0,1,2,1,3,1,28,1,0,0,5,1,8,0,4,3,1,1,6,1,0,0
529,7,0,0,1,76,1,1,0,42,1,0,0,9,1,27,0,1,1,1,3,3,3,0,0
530,10,0,1,1,83,2,6,1,38,1,1,0,9,1,29,0,3,1,1,3,1,1,0,0
531,10,0,0,1,24,2,3,0,46,0,0,1,9,1,13,0,1,4,1,2,5,1,0,0
532,5,1,0,1,17,2,1,0,32,1,0,1,3,1,26,0,1,2,1,4,8,1,1,0
533,8,0,0,1,36,2,6,1,34,1,0,0,5,1,29,0,3,1,1,1,3,1,0,1
534,10,1,0,1,204,1,7,0,31,1,0,0,1,1,13,0,1,1,1,4,1,5,0,1
535,4,1,0,1,37,2,3,1,34,1,0,0,3,1,15,0,1,4,1,4,6,5,1,0
536,10,0,0,1,214,2,1,0,41,1,0,0,9,1,29,1,1,1,1,2,5,1,0,0
537,5,0,0,1,235,2,2,1,32,1,0,0,6,1,3,0,1,1,1,4,9,1,1,0
538,9,1,1,1,133,1,8,0,38,1,0,0,5,1,3,0,1,1,1,4,1,1,0,0
539,5,0,0,1,24,2,7,1,37,1,0,1,9,1,27,0,1,4,1,4,5,1,0,0
540,4,1,0,1,120,1,6,1,34,1,0,0,8,1,11,0,7,1,1,2,6,1,1,0
541,2,1,1,1,225,6,5,0,33,0,0,1,9,1,2,0,1,1,1,4,1,2,0,0
542,10,1,0,2,1,1,1,1,35,1,0,0,3,1,0,0,1,2,1,4,6,1,0,0
543,10,0,0,1,87,1,6,0,39,0,0,1,2,1,15,0,4,1,1,1,7,1,0,0
544,9,1,0,1,51,2,3,1,48,1,0,0,8,1,5,0,1,1,1,2,1,1,0,0
545,5,0,0,1,34,1,4,0,37,1,0,1,1,1,6,0,2,1,1,2,9,1,1,0
546,10,1,1,1,186,8,7,0,32,0,0,1,9,1,15,0,3,4,1,1,1,1,0,1
547,7,0,0,1,56,1,7,1,28,1,0,0,6,1,27,0,3,1,1,2,8,5,1,1
548,5,1,0,1,67,5,5,0,30,1,0,0,7,1,10,0,1,1,1,4,4,1,0,0
549,7,1,0,1,71,7,6,0,39,1,0,1,5,1,22,0,2,2,1,2,3,1,0,0
550,5,1,0,1,18,5,6,1,32,0,0,0,7,1,16,0,1,1,1,1,1,7,0,1
551,5,1,0,1,28,2,6,1,44,0,0,0,7,1,7,0,6,1,1,4,5,1,0,0
552,6,0,1,1,124,2,7,1,37,1,0,0,2,1,4,0,1,1,1,2,1,1,1,1
553,10,0,0,1,94,2,2,1,36,0,0,0,3,1,26,0,1,1,1,2,10,1,1,0
554,5,0,1,1,111,2,2,0,31,1,0,0,7,1,20,0,5,3,1,2,4,1,0,0
555,8,0,0,1,128,2,3,1,19,1,0,0,5,1,18,0,1,2,1,4,3,1,0,0
556,10,0,0,1,12,2,3,1,34,1,0,0,1,1,16,0,6,2,1,2,6,1,0,0
557,1,0,0,1,26,2,6,0,29,0,0,0,9,1,23,1,1,1,1,4,1,2,0,0
558,9,1,0,1,46,2,3,1,43,0,0,0,1,1,20,0,6,1,1,2,1,1,0,0
559,4,0,0,2,204,2,3,1,37,1,0,0,1,1,25,0,5,1,1,2,6,1,1,0
560,7,0,0,1,17,1,5,1,32,1,0,0,3,1,12,0,1,2,1,4,4,1,0,0
561,9,0,0,2,87,8,3,1,29,0,0,0,3,1,9,0,1,1,1,2,8,1,1,0
562,7,0,0,1,192,5,4,0,36,1,0,0,3,1,23,0,1,1,1,2,1,1,0,0
563,5,1,1,1,19,2,2,0,30,1,1,0,5,1,18,0,6,1,1,2,4,1,0,0
564,5,1,1,2,192,1,7,1,36,1,0,0,5,1,24,0,7,1,1,4,5,3,1,0
565,7,0,1,1,157,1,8,0,33,0,0,0,4,1,0,0,1,1,1,4,10,3,1,1
566,10,1,0,1,106,8,7,0,37,0,0,0,8,1,23,0,4,1,1,2,10,1,0,0
567,10,0,0,1,266,1,6,1,31,1,0,0,5,1,11,0,5,1,1,2,1,3,0,0
568,4,0,0,1,40,3,6,0,36,1,0,0,9,1,13,0,6,1,1,4,6,2,1,0
569,5,1,0,1,231,7,2,1,37,1,0,0,7,1,24,0,5,1,1,4,1,1,0,0
570,7,1,0,1,57,6,8,0,37,0,0,0,5,1,14,0,1,4,1,2,4,2,0,1
571,7,1,0,1,55,1,7,1,33,0,0,0,7,1,25,0,3,1,1,4,8,1,1,0
572,7,0,0,1,149,2,7,0,33,1,0,0,9,1,3,0,1,1,1,4,8,5,0,0
573,7,0,0,1,47,2,1,1,44,1,0,1,5,1,22,0,1,1,1,4,3,1,0,0
574,7,0,0,1,127,3,6,1,33,1,0,0,3,1,14,0,1,1,1,4,1,1,0,0
575,6,1,0,3,289,1,4,0,36,0,0,0,1,1,18,0,5,1,1,4,4,1,0,0
576,4,0,0,1,24,1,2,0,46,0,0,0,3,1,27,0,4,1,1,2,7,1,1,0
577,7,1,1,1,68,5,2,1,27,1,1,0,5,1,23,0,2,1,1,4,1,1,0,0
578,10,1,0,1,121,8,2,1,44,0,0,0,9,1,17,0,6,2,1,4,4,1,0,0
579,10,0,0,1,148,1,1,1,35,0,0,0,9,1,5,1,4,1,1,4,1,1,0,0
580,3,1,1,1,37,1,2,1,35,1,0,0,7,1,22,0,1,2,1,4,10,2,1,0
581,5,0,1,1,55,3,7,0,40,1,1,0,5,1,8,0,1,1,1,1,5,1,0,1
582,4,1,0,1,143,1,2,0,38,1,0,1,7,0,15,0,2,1,1,2,6,1,0,0
583,5,1,0,1,0,9,9,0,33,0,0,1,9,1,5,1,1,4,0,4,5,1,0,1
584,7,1,0,1,302,1,4,1,35,0,0,1,1,1,11,0,1,3,1,4,1,1,0,0
585,8,0,0,1,44,2,1,0,34,1,0,1,9,1,19,0,1,2,1,4,4,3,0,0
586,6,0,1,1,104,3,3,1,48,0,0,0,9,1,17,0,4,1,1,4,4,1,0,0
587,5,1,1,1,12,6,2,1,41,0,0,1,3,1,16,0,1,3,1,4,4,3,1,0
588,7,1,0,1,158,5,4,0,30,1,0,0,9,1,14,0,1,1,1,4,10,1,1,0
589,2,0,0,1,56,1,3,0,42,1,0,0,7,1,20,0,1,1,1,4,1,5,0,0
590,4,0,0,1,35,2,7,1,41,1,0,0,6,0,5,0,1,3,1,4,6,1,0,0
591,10,1,0,1,79,6,2,1,38,0,0,0,9,1,20,0,1,1,1,4,1,1,0,0
592,10,0,0,1,31,3,3,1,27,1,0,0,3,1,14,0,1,1,1,4,7,3,0,1
593,6,0,0,1,16,1,4,0,41,1,0,0,1,1,26,1,2,1,1,4,5,3,1,0
594,10,0,0,1,80,6,2,1,35,1,0,0,5,1,4,0,5,1,1,4,6,1,0,0
595,2,0,0,1,210,5,7,1,23,1,0,0,2,1,29,0,1,1,1,4,1,1,1,1
596,6,0,1,1,214,8,4,0,46,1,0,1,7,1,1,0,1,1,1,4,4,1,0,0
597,8,0,0,1,58,7,3,1,38,1,0,1,9,1,3,0,2,1,1,2,1,1,0,0
598,10,0,0,2,210,6,4,1,37,1,0,0,5,1,26,0,1,1,1,4,1,1,0,0
599,7,0,0,1,52,3,2,0,31,0,0,1,5,1,20,0,2,1,1,1,1,1,0,0
600,10,1,0,1,72,7,5,1,30,1,0,0,8,1,28,1,1,1,1,2,4,1,0,0
601,10,0,0,1,8,2,8,1,26,1,0,0,7,1,8,0,1,1,1,2,1,1,0,1
602,7,0,0,1,145,2,1,0,35,1,0,0,9,1,28,0,1,1,1,2,1,1,0,0
603,8,0,0,1,229,1,7,1,52,0,0,0,1,1,28,0,3,1,1,2,4,1,0,0
604,5,1,0,1,52,2,2,1,28,1,0,0,9,1,5,0,1,1,1,4,1,1,0,0
605,8,0,1,1,29,1,2,1,39,0,0,0,7,1,23,0,1,1,1,4,5,1,0,0
606,4,0,0,1,197,2,4,0,34,1,0,0,3,1,19,0,1,1,1,4,7,1,1,0
607,5,0,1,1,44,5,6,1,35,1,0,1,2,1,26,0,6,1,1,2,4,1,1,0
608,8,0,0,1,176,7,1,0,44,1,0,0,1,1,12,0,2,1,1,4,8,3,0,0
609,5,1,1,1,0,9,9,1,36,0,0,0,5,1,3,0,6,1,0,4,4,1,1,0
610,6,1,0,1,187,1,2,1,49,1,0,0,6,1,15,0,5,2,1,4,4,6,0,0
611,7,0,0,1,16,1,5,0,40,1,0,0,7,1,16,0,1,1,1,2,1,1,0,1
612,4,1,1,1,0,9,9,1,39,1,1,1,6,1,12,0,6,2,0,4,6,1,1,0
613,5,1,0,1,81,1,8,1,34,0,0,1,7,1,28,0,1,4,1,4,5,1,0,0
614,5,0,0,1,5,7,2,0,35,1,0,0,9,1,26,0,4,1,1,4,4,1,0,0
615,9,0,0,1,0,1,2,1,23,0,0,1,1,1,6,0,1,1,1,2,9,1,1,0
616,6,0,0,1,208,1,7,0,37,1,0,0,5,1,22,0,1,1,1,4,4,2,0,0
617,10,0,0,1,134,1,4,0,32,1,0,0,7,1,5,0,1,1,1,2,1,1,0,0
618,5,0,0,2,229,1,7,0,49,1,0,0,4,1,8,0,1,1,1,4,4,1,1,0
619,10,1,0,3,183,2,2,0,49,1,0,0,3,1,13,0,7,1,1,4,1,1,0,0
620,4,0,0,1,19,1,1,1,40,1,0,0,2,1,28,0,1,2,1,2,7,2,1,0
621,5,1,0,1,351,6,2,0,38,1,0,0,2,1,8,0,1,3,1,2,1,1,0,0
622,7,1,0,1,146,1,6,0,54,1,0,0,2,1,6,0,6,1,1,2,10,1,1,0
623,5,0,0,1,319,2,6,0,40,1,0,1,2,1,24,0,3,1,1,2,9,1,1,0
624,5,1,0,1,1,1,6,1,28,1,0,0,9,1,3,0,1,1,1,2,1,1,0,1
625,1,0,0,1,146,1,5,1,39,1,0,1,5,1,10,0,7,1,1,2,1,1,0,0
626,5,0,0,1,31,8,3,1,29,1,0,0,3,1,2,0,1,2,1,4,2,1,0,0
627,5,0,0,1,119,1,7,1,32,0,0,0,3,1,13,0,3,1,1,4,9,3,1,0
628,9,0,1,1,210,2,2,0,36,1,1,0,5,1,19,0,4,2,1,2,4,1,0,0
629,7,1,0,3,158,1,8,1,36,1,0,0,3,1,3,0,7,1,1,2,10,1,1,0
630,2,1,0,1,20,2,4,1,36,0,0,0,9,1,9,0,5,1,1,1,1,1,0,0
631,7,1,0,1,20,1,6,0,34,1,0,0,3,1,19,0,6,1,1,4,3,1,0,0
632,7,1,0,1,52,5,6,0,47,1,0,1,9,1,8,1,1,1,1,2,1,1,0,0
633,9,0,1,1,134,1,3,1,36,0,0,0,9,1,22,0,6,1,1,4,1,1,0,0
634,2,0,0,1,29,8,6,0,37,0,0,0,9,1,1,0,1,1,1,2,1,2,0,1
635,4,0,1,1,18,2,5,1,35,0,0,0,2,1,3,0,4,1,1,1,7,5,1,0
636,5,0,0,1,14,1,6,1,44,1,0,0,3,1,6,0,1,1,1,1,2,1,0,1
637,10,1,0,1,183,2,6,0,46,0,0,0,2,1,28,0,2,1,1,4,1,1,0,1
638,10,1,1,1,230,1,1,0,37,0,1,1,9,1,14,0,1,1,1,4,5,1,0,0
639,10,0,0,1,0,9,9,0,38,0,0,1,4,1,5,1,3,1,0,4,4,1,0,1
640,6,0,0,1,2,2,2,1,34,1,0,0,5,1,2,0,5,1,1,2,4,1,0,0
641,5,0,0,2,260,1,7,1,37,1,0,0,7,1,20,0,1,1,1,1,8,1,0,1
642,5,0,1,1,67,1,2,0,39,1,0,0,9,1,3,0,1,1,1,4,1,2,0,0
643,10,1,0,1,73,1,1,0,38,1,0,0,9,1,17,0,3,2,1,1,10,3,0,0
644,7,0,1,1,36,1,1,1,33,0,0,0,9,1,3,0,5,2,1,4,1,1,0,0
645,10,1,0,1,63,8,1,1,33,1,0,0,3,1,6,0,1,1,1,2,4,1,0,0
646,9,1,0,1,24,2,3,0,35,0,0,1,4,1,20,0,5,1,1,4,3,3,0,0
647,5,1,1,1,47,1,1,0,33,0,1,0,4,1,9,0,4,1,1,4,3,1,0,0
648,10,1,0,1,50,1,1,1,35,0,0,0,1,1,23,0,1,1,1,4,10,1,1,0
649,9,0,0,1,190,1,4,1,38,0,0,0,5,1,25,0,5,1,1,1,8,1,1,0
650,5,1,1,1,0,9,9,0,28,1,0,0,9,1,3,0,4,1,0,4,3,3,0,0
651,10,1,1,1,201,1,3,0,34,1,0,1,5,1,14,0,7,1,1,2,4,2,0,0
652,8,0,0,1,17,1,2,0,30,1,0,1,3,1,22,0,5,1,1,2,4,1,0,0
653,6,1,0,1,160,2,4,1,42,1,0,0,7,1,13,0,1,1,1,4,4,3,0,0
654,10,1,0,1,224,1,2,1,29,1,0,1,5,1,4,0,1,1,1,2,3,1,0,0
655,6,0,0,1,256,2,6,0,47,0,0,0,7,1,25,0,1,1,1,1,1,1,0,1
656,10,1,0,1,88,1,7,0,34,0,0,0,3,1,25,0,5,1,1,2,4,3,0,0
657,7,1,1,1,201,2,1,0,35,1,0,0,8,1,19,0,1,2,1,2,4,1,0,0
658,7,0,1,3,30,3,7,1,40,0,1,0,3,1,11,0,5,1,1,2,1,1,0,0
659,7,0,0,1,282,2,3,1,46,0,0,1,9,1,12,0,7,1,1,4,4,1,0,0
660,9,0,0,2,21,1,2,1,33,1,0,0,5,1,23,0,2,1,1,4,8,1,0,0
661,5,1,0,1,38,2,4,0,35,0,0,0,5,1,17,0,2,1,1,1,10,1,1,0
662,7,0,1,3,192,2,6,0,34,1,1,0,3,1,22,1,1,1,1,2,1,1,0,1
663,7,0,0,1,134,8,5,1,45,1,0,0,5,1,3,0,1,1,1,2,4,1,0,0
664,5,0,1,1,53,1,2,0,45,1,1,1,2,1,16,0,1,4,1,4,4,3,1,0
665,5,0,0,1,65,1,7,1,29,1,0,1,3,1,18,0,1,1,1,2,4,1,0,1
666,4,0,0,1,16,5,2,1,45,0,0,0,1,1,7,0,1,1,1,4,7,6,1,0
667,5,1,0,1,1,1,6,0,43,1,0,0,9,1,30,0,2,1,1,2,2,1,0,0
668,8,0,0,1,5,2,7,1,26,0,0,1,5,1,28,0,1,1,1,1,8,1,1,1
669,9,0,0,1,57,5,1,0,41,1,0,0,4,1,12,0,6,1,1,4,9,4,0,0
670,4,0,0,1,221,1,7,1,30,1,0,0,6,1,26,0,1,1,1,4,7,1,0,0
671,7,1,0,1,114,1,6,1,31,1,0,1,5,1,9,0,1,1,1,4,8,1,1,0
672,9,1,1,1,36,1,7,1,38,0,1,0,5,0,24,0,1,1,1,2,1,1,0,1
673,5,0,0,1,311,2,8,1,56,1,0,0,7,1,27,0,7,1,1,1,4,1,0,0
674,6,0,0,1,46,1,6,1,29,1,0,1,4,1,20,0,5,1,1,2,4,1,0,0
675,5,0,0,1,18,2,6,1,33,1,0,0,6,1,24,0,1,1,1,2,1,1,0,1
676,5,0,1,2,110,1,8,1,35,0,1,0,5,1,2,0,1,1,1,4,1,1,0,1
677,4,0,0,1,145,1,6,0,45,1,0,0,5,0,28,0,1,1,1,4,7,1,1,0
678,5,1,0,1,14,2,5,1,39,1,0,0,9,1,0,0,6,2,1,4,4,1,0,0
679,5,0,0,2,113,2,6,1,37,0,0,0,9,1,22,0,1,1,1,2,9,1,1,1
680,5,0,0,1,14,8,6,1,25,1,0,0,7,1,5,1,1,1,1,4,4,1,0,0
681,6,1,0,1,251,2,6,0,32,0,0,1,3,1,20,1,1,1,1,4,5,1,1,0
682,7,0,0,1,84,3,4,0,27,1,0,0,9,1,19,0,1,1,1,4,9,1,1,0
683,5,0,1,1,8,1,7,0,29,1,0,1,5,1,23,0,5,1,1,2,8,2,1,0
684,5,1,1,1,42,1,4,0,42,1,1,1,9,1,13,0,6,2,1,2,3,1,0,0
685,8,0,1,1,29,8,5,0,28,0,0,0,2,1,6,0,1,1,1,2,3,1,0,1
686,10,0,0,1,80,2,1,1,46,1,0,0,3,1,2,0,2,1,1,4,4,1,0,0
687,6,0,0,1,0,9,9,1,30,1,0,0,7,1,18,0,1,1,0,2,5,1,0,1
688,5,1,0,1,118,1,1,1,43,1,0,0,5,1,6,0,5,1,1,1,3,1,0,0
689,10,1,0,1,61,1,7,1,47,0,0,0,9,1,20,0,1,1,1,2,3,1,0,1
690,7,0,0,1,10,8,2,1,37,1,0,0,6,1,26,0,2,1,1,4,10,1,1,0
691,10,0,0,1,27,1,4,1,32,1,0,0,5,1,29,1,6,4,1,2,5,1,0,0
692,6,0,0,1,127,2,5,0,32,1,0,0,6,1,2,0,3,1,1,2,5,1,0,0
693,5,1,0,1,70,1,2,1,52,0,0,0,1,1,24,0,1,1,1,4,3,1,0,0
694,10,0,0,1,14,8,1,1,24,1,0,0,3,1,6,0,6,1,1,1,8,1,1,0
695,7,0,0,1,6,7,1,1,52,1,0,0,8,1,28,0,5,1,1,2,1,5,0,0
696,7,0,0,1,64,1,7,1,40,1,0,0,8,1,7,1,7,1,1,2,4,6,1,0
697,5,0,0,1,15,7,7,1,31,1,0,1,3,1,16,0,1,1,1,4,1,1,0,0
698,5,0,0,1,60,2,6,1,32,1,0,0,3,1,14,0,4,1,1,1,8,1,1,0
699,7,1,0,1,168,6,3,1,44,1,0,0,5,1,6,0,4,1,1,4,2,7,0,0
700,10,0,0,1,161,2,6,1,26,1,0,0,1,1,2,0,1,3,1,4,2,1,0,0
701,5,1,0,1,54,1,7,0,26,0,0,0,9,1,6,0,6,4,1,4,4,1,0,0
702,8,0,1,1,30,1,1,1,28,1,0,1,3,1,25,0,3,1,1,1,4,1,0,0
703,2,1,0,1,49,1,7,1,26,1,0,0,7,1,3,0,6,1,1,4,10,1,1,0
704,10,0,0,1,9,2,3,0,34,0,0,1,5,1,29,0,1,2,1,2,2,1,0,0
705,2,0,0,1,79,6,1,1,37,0,0,0,9,1,1,1,3,1,1,1,1,1,0,0
706,10,0,0,1,105,1,7,0,34,1,0,0,6,1,19,0,2,1,1,1,1,2,0,1
707,6,0,0,1,304,2,6,1,35,1,0,0,9,1,11,0,1,1,1,2,2,1,0,1
708,4,0,0,1,2,8,2,1,41,1,0,0,6,1,15,0,1,1,1,2,7,1,0,0
709,5,0,1,1,1,1,3,1,33,1,0,1,7,1,9,0,1,1,1,4,9,3,1,0
710,8,0,0,1,127,2,1,1,33,1,0,0,5,1,30,0,2,1,1,4,8,1,0,0
711,6,1,0,1,229,1,7,0,42,1,0,1,9,1,28,0,2,1,1,2,1,1,0,0
712,9,0,0,1,84,7,6,1,35,1,0,0,7,1,12,0,3,1,1,4,1,1,0,0
713,5,0,0,1,186,8,7,0,21,1,0,0,5,1,2,0,4,2,1,2,4,1,0,0
714,3,1,0,1,41,1,6,0,23,1,0,0,7,1,7,0,1,1,1,4,1,1,0,0
715,1,0,0,1,3,1,4,1,29,1,0,1,9,1,17,0,2,1,1,4,1,1,0,0
716,5,0,0,1,6,1,6,1,33,1,0,0,9,1,17,0,4,1,1,4,4,1,0,0
717,10,0,0,1,112,1,7,1,29,0,0,0,8,1,10,0,1,2,1,4,1,1,0,0
718,6,0,0,1,83,1,1,1,39,1,0,0,4,1,24,0,6,1,1,2,4,1,0,0
719,1,1,0,1,1,2,3,0,36,0,0,0,9,1,22,0,1,2,1,4,3,1,0,0
720,4,0,0,1,38,1,6,1,30,1,0,1,1,1,24,0,1,2,1,2,6,1,1,1
721,5,1,0,1,34,1,7,1,37,0,0,1,1,1,23,0,1,1,1,2,10,2,1,1
722,7,0,0,1,50,2,1,0,30,1,0,0,2,1,13,0,3,1,1,2,3,1,0,0
723,9,0,1,1,75,1,7,0,26,1,0,0,9,1,6,0,1,4,1,2,4,1,0,1
724,9,0,0,1,6,2,6,0,22,1,0,0,7,1,23,0,7,1,1,4,4,1,0,0
725,9,1,0,1,316,2,7,1,31,1,0,0,5,1,13,0,1,1,1,2,5,1,0,1
726,9,1,0,1,94,2,4,0,36,1,0,0,6,1,7,0,1,1,1,4,1,1,0,0
727,7,1,0,1,198,1,7,0,34,1,0,0,5,1,12,0,5,2,1,4,4,3,0,0
728,7,0,0,1,97,1,4,0,31,1,0,0,9,1,22,0,1,1,1,2,10,1,1,0
729,2,0,0,1,186,2,2,0,36,1,0,0,9,1,4,0,3,1,1,4,1,1,0,0
730,5,1,0,2,77,1,8,1,40,1,0,0,6,1,8,0,1,1,1,2,5,1,0,1
731,7,0,0,1,5,1,7,1,30,1,0,1,5,1,16,0,6,1,1,2,1,1,0,0
732,5,1,0,1,78,2,7,0,36,0,0,0,7,1,22,0,1,1,1,2,1,2,0,1
733,5,1,0,1,67,1,2,0,39,1,0,0,3,1,11,0,1,1,1,4,3,1,0,0
734,7,0,0,2,28,8,6,0,37,1,0,0,3,1,15,0,6,1,1,1,4,1,0,0
735,10,0,0,1,0,9,9,1,42,1,0,0,3,1,8,0,5,1,0,1,1,1,0,1
736,5,1,1,1,35,7,2,1,43,1,0,0,9,1,7,0,6,1,1,4,4,1,0,0
737,5,0,0,1,8,2,4,0,42,0,0,1,6,1,5,0,1,1,1,4,4,1,0,0
738,5,0,0,2,7,2,8,0,33,1,0,0,5,1,16,0,2,1,1,4,8,1,1,1
739,2,0,1,1,23,2,7,1,51,1,1,0,8,1,16,0,1,2,1,1,1,1,0,1
740,5,1,0,1,10,1,7,1,30,0,0,0,7,1,1,0,1,1,1,2,1,1,0,1
741,6,0,1,1,200,1,1,0,44,1,0,0,1,1,16,1,1,1,1,2,2,1,0,0
742,4,0,0,1,0,9,9,1,34,1,0,0,9,1,15,0,2,1,0,4,7,1,0,1
743,5,1,0,1,41,5,6,1,32,1,0,0,7,1,8,0,2,1,1,4,1,1,0,0
744,6,1,0,1,306,1,1,1,31,0,0,0,6,1,10,0,1,1,1,2,5,1,0,0
745,5,1,0,1,53,1,6,1,37,1,0,0,9,1,28,0,2,1,1,1,4,1,0,1
746,2,0,1,1,66,2,6,1,30,1,0,0,3,1,10,0,1,2,1,4,1,1,1,0
747,5,0,0,2,40,1,6,0,36,1,0,0,1,1,4,0,1,1,1,4,9,6,1,0
748,5,1,1,1,55,1,7,1,38,0,1,0,3,1,8,0,4,1,1,2,10,2,1,0
749,10,1,0,1,11,1,6,0,33,0,0,0,6,1,13,0,1,1,1,4,10,5,0,0
750,5,0,0,1,158,5,7,0,42,0,0,0,4,1,27,0,1,1,1,4,1,1,0,0
751,7,0,0,1,14,1,2,1,40,1,0,1,3,1,7,1,7,1,1,4,1,1,0,0
752,10,0,0,1,77,1,5,1,39,1,0,1,7,1,3,0,1,1,1,2,1,1,0,0
753,10,0,0,2,74,7,2,1,24,0,0,0,5,1,24,0,4,1,1,4,4,1,0,0
754,4,0,0,1,49,8,1,1,33,1,0,0,5,1,9,1,1,1,1,4,7,1,0,0
755,6,1,0,1,7,2,5,1,52,0,0,0,3,1,26,1,1,2,1,2,4,1,0,0
756,2,1,0,1,179,1,7,1,36,1,0,0,9,1,3,0,1,1,1,4,1,1,0,0
757,10,0,0,1,65,1,3,1,28,1,0,0,7,1,0,0,5,2,1,1,6,1,0,0
758,5,1,0,1,197,1,8,0,45,1,0,0,7,1,8,0,1,2,1,2,2,3,0,1
759,9,0,0,1,178,1,1,1,24,1,0,0,9,1,8,0,1,1,1,4,1,1,0,0
760,6,1,0,1,28,1,4,1,43,1,0,0,7,1,5,0,5,2,1,4,1,3,0,0
761,5,0,0,1,19,8,3,1,15,1,0,0,9,1,1,0,5,1,1,4,1,1,0,0
762,10,0,0,1,15,2,4,1,31,1,0,0,7,1,7,0,1,1,1,2,1,1,0,0
763,5,1,0,1,113,1,2,1,40,1,0,0,9,1,29,0,6,2,1,4,4,1,0,0
764,9,0,0,1,12,2,2,1,26,1,0,0,3,1,8,0,4,1,1,2,9,2,1,0
765,6,0,0,1,92,7,2,1,34,1,0,0,5,1,17,1,6,1,1,2,4,1,0,0
766,7,0,0,1,5,8,6,1,51,1,0,1,4,1,7,0,1,1,1,2,10,1,1,0
767,4,0,1,1,31,8,6,1,32,1,0,0,3,1,20,0,1,1,1,2,7,1,1,1
768,4,0,0,1,147,5,6,1,38,1,0,0,9,1,22,0,1,1,1,2,7,1,0,1
769,10,0,0,1,9,1,6,0,29,0,0,0,1,1,15,0,1,2,1,4,5,2,0,0
770,5,1,0,1,39,5,6,0,31,0,0,0,9,1,8,0,1,1,1,4,10,3,1,0
771,8,0,0,1,122,1,7,0,37,1,0,0,9,1,2,0,1,1,1,4,4,1,0,1
772,7,0,1,1,77,3,4,0,45,1,0,0,7,1,7,1,1,1,1,4,8,1,1,0
773,7,0,0,1,252,1,1,0,32,0,0,0,9,1,2,0,1,4,1,4,5,1,0,0
774,2,1,0,1,128,7,4,0,30,1,0,0,3,1,16,0,4,1,1,4,10,6,1,0
775,5,0,0,1,0,9,9,1,32,1,0,0,3,1,24,0,6,1,0,4,9,4,1,0
776,6,1,0,1,152,1,7,1,41,1,0,0,9,1,17,0,7,1,1,4,4,1,0,0
777,7,1,0,1,207,1,4,1,39,1,0,1,3,1,19,1,3,1,1,4,1,1,0,0
778,7,0,0,1,200,2,6,1,48,1,0,0,6,1,13,0,1,1,1,1,1,1,0,1
779,4,0,0,1,119,1,7,0,36,1,0,0,3,1,7,0,6,1,1,2,6,1,1,0
780,5,0,0,1,88,1,6,0,38,1,0,1,9,1,9,0,1,1,1,4,3,1,0,0
781,9,0,0,1,246,1,7,1,29,1,0,0,2,1,2,0,1,1,1,3,10,1,1,1
782,5,1,0,1,2,1,1,0,31,1,0,1,6,1,24,0,1,1,1,4,2,1,0,0
783,7,1,0,2,37,2,7,1,32,0,0,0,9,1,23,0,2,1,1,4,8,1,0,0
784,6,1,0,1,69,2,1,0,37,1,0,1,5,1,5,0,2,1,1,2,4,1,0,0
785,10,0,0,1,0,9,9,0,37,1,0,0,7,1,5,0,1,1,0,2,9,1,0,1
786,7,0,1,3,193,2,6,1,39,1,1,0,7,1,28,0,6,2,1,4,4,1,0,0
787,10,1,1,1,4,8,2,1,33,1,0,0,2,1,11,0,6,4,1,2,4,1,0,0
788,10,0,0,1,70,1,7,1,42,1,0,0,5,1,16,0,6,1,1,2,9,1,1,0
789,5,0,0,1,89,2,7,1,41,1,0,0,3,1,24,0,1,1,1,4,3,1,0,0
790,6,0,0,1,10,8,5,0,52,1,0,0,3,1,14,0,2,3,1,4,4,1,0,0
791,5,0,0,1,272,2,6,0,50,1,0,0,2,1,6,0,1,1,1,2,5,1,0,1
792,5,0,0,1,292,1,2,1,32,1,0,0,9,1,5,0,7,1,1,2,4,1,0,0
793,7,0,1,1,161,2,3,1,40,1,0,0,3,1,3,0,3,1,1,4,4,1,0,0
794,5,0,0,1,12,1,6,1,35,1,0,1,2,1,24,0,2,1,1,4,9,1,1,0
795,10,1,0,1,90,6,7,0,40,1,0,1,7,1,29,0,1,1,1,2,4,1,0,1
796,2,1,1,1,177,7,1,1,34,1,0,0,7,1,2,0,6,1,1,4,1,2,0,0
797,7,1,1,1,75,1,4,1,34,1,0,1,7,1,9,0,1,1,1,2,10,1,1,1
798,5,0,0,1,22,5,6,1,35,1,0,0,2,1,9,0,6,1,1,2,8,6,1,0
799,5,0,0,1,62,1,6,1,40,0,0,0,3,1,29,0,5,1,1,2,4,1,1,0
800,5,0,0,1,34,3,8,1,38,1,0,0,7,1,18,0,2,2,1,4,8,1,0,0
801,4,0,1,1,0,9,9,1,37,1,0,0,3,1,10,0,1,1,0,2,7,1,1,1
802,4,0,1,1,68,2,3,1,35,1,1,1,3,1,2,0,1,2,1,1,7,5,1,0
803,8,1,0,1,207,1,4,1,36,1,0,0,9,1,20,0,1,1,1,2,1,1,0,0
804,4,0,0,1,4,7,1,1,32,0,0,1,5,1,8,0,1,1,1,4,7,1,1,0
805,1,0,0,1,66,3,6,1,37,1,0,0,9,1,21,0,6,1,1,4,1,1,0,0
806,4,1,0,1,89,1,3,0,32,1,0,0,4,1,26,0,1,1,1,2,6,1,0,0
807,5,1,1,1,23,7,1,1,49,0,1,0,6,1,4,0,1,1,1,2,10,1,1,0
808,7,1,0,1,40,1,1,1,29,0,0,0,7,1,28,0,1,1,1,2,1,5,0,0
809,8,0,0,1,17,2,7,0,30,1,0,0,7,1,7,0,1,1,1,2,1,1,0,1
810,7,0,1,1,86,1,2,0,39,0,1,0,3,0,6,0,1,1,1,4,9,3,1,0
811,6,0,0,1,110,1,3,1,41,1,0,0,5,1,29,1,6,1,1,2,4,2,0,0
812,6,1,0,1,0,9,9,0,30,0,0,0,7,1,27,0,1,1,0,4,4,1,0,1
813,5,0,1,1,13,8,3,1,37,1,1,0,3,1,15,0,1,1,1,4,9,1,1,0
814,5,1,0,1,83,1,2,0,29,0,0,0,9,1,7,0,1,1,1,1,1,2,0,0
815,5,0,0,1,35,1,4,0,43,1,0,0,9,1,26,0,3,3,1,4,5,1,0,0
816,9,0,0,1,127,1,1,1,33,0,0,1,5,1,28,1,4,1,1,4,9,4,0,0
817,9,1,0,1,29,2,1,1,25,0,0,1,1,1,2,1,1,1,1,2,3,3,0,0
818,6,0,0,1,51,5,2,1,26,0,0,0,2,1,10,0,1,1,1,3,5,3,1,0
819,4,0,0,1,64,1,7,1,39,1,0,0,9,1,25,0,7,1,1,2,6,1,0,0
820,5,1,0,1,83,1,3,1,38,1,0,0,5,1,4,0,2,1,1,2,3,1,0,0
821,7,0,0,3,12,1,8,0,32,1,0,0,9,1,11,0,1,1,1,2,1,2,0,1
822,6,1,0,1,171,1,2,1,35,1,0,0,3,1,30,1,1,2,1,4,3,1,0,0
823,10,0,0,1,11,2,4,1,48,1,0,0,1,1,13,0,6,1,1,4,2,1,0,0
824,7,0,0,1,24,2,3,0,37,0,0,0,5,1,9,0,6,1,1,2,1,1,0,0
825,4,0,1,1,65,1,7,0,28,1,1,0,9,1,9,0,1,1,1,2,7,1,1,0
826,7,0,0,1,30,8,4,1,41,0,0,0,5,1,17,0,1,1,1,4,3,1,0,0
827,7,0,0,1,173,2,5,1,46,1,0,0,6,1,14,0,3,1,1,4,10,1,1,0
828,6,1,0,1,11,8,2,1,35,0,0,0,1,1,25,1,1,1,1,4,3,3,0,0
829,6,0,0,1,51,5,3,1,33,0,0,0,5,0,17,0,2,4,1,4,5,1,0,0
830,9,0,0,1,16,1,7,0,39,1,0,0,2,1,21,0,1,1,1,1,4,2,0,1
831,9,0,0,1,61,1,2,1,37,0,0,0,3,1,1,0,4,1,1,2,8,1,0,0
832,7,0,0,1,123,2,2,0,37,1,0,0,5,1,13,0,2,1,1,2,2,1,0,0
833,5,0,1,1,41,6,1,1,43,1,0,0,9,1,6,0,1,4,1,2,5,1,0,0
834,7,0,0,1,93,2,7,0,29,0,0,0,5,1,6,1,6,1,1,4,9,1,1,0
835,5,0,0,1,130,1,6,0,45,1,0,0,7,1,20,0,1,1,1,2,1,3,0,1
836,5,0,0,3,137,2,6,1,41,0,0,0,5,1,1,0,6,1,1,4,9,1,1,0
837,10,0,1,1,24,1,2,0,25,1,0,0,4,1,14,0,1,1,1,4,5,1,0,0
838,7,1,1,1,199,7,7,0,34,0,0,0,9,1,22,0,6,1,1,2,4,1,0,0
839,6,0,0,1,25,5,1,1,52,0,0,1,2,1,16,0,3,1,1,4,1,6,0,0
840,6,1,0,1,62,2,7,1,39,1,0,0,9,1,13,0,1,1,1,4,10,6,1,0
841,5,0,0,1,35,2,6,0,34,1,0,1,9,0,11,0,1,1,1,2,1,1,0,0
842,8,0,0,1,77,2,1,0,39,1,0,1,9,1,12,0,4,1,1,4,3,1,0,0
843,6,1,0,1,187,1,6,0,31,1,0,0,3,1,27,0,1,1,1,4,1,1,0,1
844,7,0,0,1,29,1,7,1,26,1,0,0,3,1,16,0,1,1,1,2,5,3,0,1
845,10,0,0,1,10,5,4,1,41,1,0,0,9,1,15,0,1,1,1,2,1,1,0,0
846,5,1,0,1,285,7,2,1,37,1,0,0,3,1,21,0,1,1,1,2,5,1,0,0
847,8,0,0,1,22,5,4,0,37,1,0,1,9,1,14,0,6,1,1,2,4,6,0,0
848,10,1,0,1,246,1,7,1,46,1,0,0,3,1,25,0,6,1,1,2,10,1,0,0
849,7,0,0,2,42,1,4,1,28,1,0,0,9,1,23,0,3,1,1,4,1,1,0,0
850,6,0,0,1,167,1,4,1,37,1,0,0,8,1,11,0,2,1,1,1,1,1,0,1
851,5,1,0,1,29,1,1,1,35,1,0,0,4,1,30,0,3,4,1,2,4,1,0,0
852,5,0,0,1,2,1,7,0,51,0,0,0,4,1,8,0,7,1,1,2,4,1,1,0
853,8,0,1,1,27,1,4,0,43,1,0,0,7,1,21,0,1,1,1,2,8,1,0,0
854,7,0,0,1,312,7,4,0,30,1,0,0,2,1,16,0,1,2,1,4,5,1,0,0
855,5,0,1,1,78,2,6,1,30,1,0,0,2,1,26,0,1,1,1,2,9,1,1,1
856,6,0,0,1,22,2,3,1,30,1,0,0,4,1,10,0,1,4,1,2,4,1,0,0
857,5,1,0,3,4,5,2,0,37,1,0,0,3,1,6,0,1,4,1,2,5,1,0,0
858,4,0,0,1,130,1,2,1,29,1,0,0,9,1,25,0,1,1,1,4,7,1,0,0
859,2,1,0,1,111,2,6,1,25,1,0,0,9,1,16,0,6,1,1,2,10,1,1,0
860,5,0,0,1,28,1,1,0,31,0,0,0,9,1,23,0,6,1,1,2,1,1,0,0
861,6,0,0,1,141,2,7,1,40,1,0,0,7,1,9,0,5,1,1,2,5,1,0,0
862,6,0,0,1,63,1,4,1,26,1,0,0,6,1,8,0,6,1,1,2,4,1,0,0
863,8,0,1,1,130,8,1,0,37,1,1,0,9,1,24,0,1,1,1,4,5,1,0,0
864,5,0,0,1,37,2,3,1,34,1,0,0,9,1,28,0,4,1,1,2,1,1,0,0
865,2,0,1,1,104,2,3,0,35,1,0,0,9,1,17,0,1,1,1,4,1,1,0,0
866,7,0,0,1,17,2,1,1,36,1,0,0,9,1,24,0,2,1,1,4,1,1,0,0
867,10,1,0,1,32,2,7,1,42,1,0,0,3,1,22,0,6,1,1,4,10,1,0,0
868,9,1,1,1,37,7,6,1,26,0,0,0,3,1,16,0,1,1,1,4,1,3,0,1
869,10,0,0,1,105,2,7,1,34,1,0,0,9,1,30,0,1,1,1,4,2,1,0,0
870,7,0,0,1,57,1,4,1,37,0,0,0,1,1,14,0,5,1,1,4,9,1,1,0
871,6,0,0,1,156,1,2,1,31,1,0,1,3,1,8,0,1,1,1,1,1,1,0,0
872,4,0,0,1,1,3,3,1,35,1,0,1,5,1,5,0,1,1,1,2,7,1,0,0
873,5,0,0,3,0,9,9,0,31,1,0,0,9,1,21,0,1,1,0,4,4,1,0,1
874,10,1,0,1,194,8,4,1,37,0,0,1,3,1,10,0,6,1,1,4,10,1,1,0
875,7,0,1,1,169,8,5,0,45,1,1,1,1,0,5,1,1,1,1,2,1,3,0,1
876,8,1,1,1,38,1,1,0,31,1,1,0,3,1,8,0,3,2,1,4,3,2,0,0
877,9,0,0,1,17,1,3,1,46,1,0,0,2,1,7,0,3,1,1,2,8,1,1,0
878,6,0,0,1,256,2,2,0,34,1,0,0,9,1,23,1,7,1,1,3,4,1,0,0
879,5,0,0,1,15,6,6,0,36,1,0,0,2,1,26,0,1,1,1,4,3,3,0,0
880,10,0,0,1,30,1,5,0,35,0,0,0,8,0,15,0,7,1,1,4,6,1,0,0
881,5,0,1,1,54,5,7,1,27,0,1,0,3,1,14,0,1,1,1,1,1,4,1,1
882,7,1,1,1,116,1,5,0,41,1,0,0,2,1,3,0,6,1,1,2,10,1,1,0
883,10,1,1,1,198,5,8,0,42,1,0,0,3,1,19,0,1,1,1,2,2,3,0,1
884,4,0,0,1,229,2,6,1,44,1,0,0,9,1,5,0,5,1,1,4,7,1,1,0
885,10,1,0,1,161,3,6,0,32,0,0,0,8,1,7,0,1,1,1,4,10,1,0,0
886,2,0,0,1,68,1,5,0,45,0,0,0,9,1,15,0,1,2,1,4,1,1,0,0
887,6,0,0,1,127,1,5,1,37,1,0,0,5,1,13,0,1,1,1,2,1,1,0,1
888,9,0,0,2,32,1,5,1,34,1,0,0,1,1,4,0,5,1,1,1,8,1,1,0
889,5,0,0,1,73,8,7,1,33,0,0,0,7,1,5,0,5,3,1,4,4,2,0,0
890,7,0,0,1,36,1,1,1,42,1,0,1,7,0,9,0,2,1,1,2,1,1,0,0
891,5,0,0,1,40,1,7,1,35,0,0,0,7,1,22,0,3,1,1,2,9,1,1,1
892,4,0,0,1,27,1,2,0,34,0,0,0,3,1,7,0,6,1,1,2,7,2,1,0
893,10,1,1,1,0,9,9,0,35,1,0,0,3,1,5,0,1,1,0,2,3,3,0,1
894,10,0,0,1,19,1,4,1,38,0,0,0,3,1,18,0,1,4,1,2,5,3,0,0
895,4,0,0,1,19,2,1,0,24,1,0,0,2,1,11,0,5,1,1,4,7,1,1,0
896,7,1,0,1,28,2,8,0,39,1,0,0,8,1,29,0,6,2,1,2,5,1,0,0
897,6,0,0,1,45,7,6,1,39,1,0,0,6,1,10,0,1,1,1,4,4,1,0,0
898,2,1,0,1,3,1,6,1,37,1,0,1,9,1,17,0,1,4,1,4,1,1,0,0
899,9,0,0,1,184,6,6,1,37,0,0,0,9,1,17,0,5,1,1,1,8,1,0,0
900,8,0,0,1,64,2,6,0,36,1,0,1,4,1,7,0,1,4,1,2,5,1,0,0
901,7,1,1,1,18,1,1,0,33,1,1,0,3,1,10,0,4,1,1,4,2,1,0,0
902,1,1,1,1,133,2,3,1,38,0,1,1,9,1,3,0,3,1,1,4,10,1,1,0
903,6,1,0,1,220,1,2,0,29,1,0,0,9,1,3,0,1,1,1,2,1,3,0,0
904,4,0,0,1,51,2,4,1,36,1,0,0,7,1,3,0,3,1,1,4,6,1,0,0
905,8,0,0,1,75,2,7,0,64,1,0,0,4,1,18,0,1,1,1,4,4,5,0,1
906,10,0,1,1,82,1,8,1,47,1,1,1,5,1,27,0,1,1,1,2,5,1,0,1
907,4,0,1,1,130,8,1,0,40,1,0,0,5,1,23,0,6,1,1,4,7,1,1,0
908,10,0,0,1,0,9,9,0,30,1,0,1,9,1,14,0,2,1,0,4,1,7,0,1
909,7,0,1,1,104,1,2,0,35,0,0,0,3,1,29,0,5,1,1,4,9,1,1,0
910,4,1,0,1,88,2,7,1,29,1,0,0,3,1,26,0,5,1,1,1,6,1,1,0
911,7,0,0,1,16,1,1,1,33,0,0,0,3,1,2,0,4,1,1,4,9,1,1,0
912,4,0,1,1,97,1,3,1,31,1,1,0,4,1,26,0,1,1,1,2,7,1,1,0
913,4,0,0,1,0,9,9,0,39,0,0,0,3,1,28,0,2,1,0,2,6,1,1,1
914,4,0,0,1,83,7,7,1,29,1,0,0,3,1,28,0,3,1,1,2,7,2,1,0
915,9,1,0,1,69,7,6,1,36,1,0,0,1,1,5,0,4,1,1,2,10,1,1,0
916,6,0,0,1,121,8,3,0,32,1,0,1,7,1,2,0,1,2,1,2,5,1,0,0
917,9,1,0,1,169,8,2,1,36,0,0,0,9,1,13,0,1,1,1,2,8,1,0,0
918,3,0,1,1,36,6,7,1,31,0,0,0,1,1,0,1,1,1,1,2,2,1,0,1
919,6,0,0,1,40,8,8,1,33,0,0,1,9,1,3,0,5,1,1,1,1,1,0,1
920,7,1,0,1,160,3,7,1,35,1,0,0,3,1,15,0,1,1,1,4,2,1,0,0
921,10,1,1,1,28,2,6,0,34,0,0,0,4,1,28,0,1,1,1,2,5,3,0,1
922,5,0,0,1,75,1,7,1,27,1,0,0,7,1,3,0,1,1,1,2,1,1,0,1
923,8,0,0,1,15,2,6,1,32,0,0,0,9,1,17,0,7,2,1,4,8,6,0,0
924,6,0,0,1,88,1,6,0,34,1,0,1,8,1,23,0,6,1,1,4,1,1,0,0
925,1,1,0,1,146,1,7,0,32,1,0,0,9,1,14,0,1,1,1,4,3,1,0,0
926,5,0,1,1,126,1,1,0,38,0,0,0,3,1,20,0,1,1,1,4,8,1,1,0
927,7,1,0,1,64,6,7,1,42,1,0,0,6,1,20,0,1,2,1,2,1,1,0,1
928,5,0,0,1,108,8,7,1,32,1,0,0,5,1,16,0,6,1,1,2,5,1,0,0
929,1,1,1,1,71,2,8,1,42,1,0,0,9,1,30,0,3,1,1,1,1,1,0,1
930,5,0,0,1,5,2,8,0,38,1,0,0,9,1,14,0,3,1,1,2,8,1,0,1
931,4,0,0,1,52,2,6,0,41,1,0,0,5,1,8,0,2,1,1,4,6,1,1,0
932,5,0,0,1,139,2,6,1,32,0,0,0,9,1,22,0,1,2,1,4,1,1,0,0
933,7,1,1,1,0,9,9,0,42,1,0,0,4,1,20,1,1,1,0,4,10,3,1,1
934,9,0,1,1,15,7,3,1,32,1,1,1,9,1,24,0,6,1,1,4,4,1,0,0
935,1,0,1,1,241,3,6,0,40,0,0,0,4,1,16,0,3,1,1,4,3,3,1,0
936,9,0,0,3,166,1,7,1,33,1,0,1,6,1,26,0,1,1,1,2,8,1,0,1
937,4,0,0,1,119,3,7,1,33,1,0,0,9,1,17,0,5,2,1,2,6,1,0,0
938,5,0,1,1,14,5,7,0,34,1,1,0,3,1,15,1,5,1,1,4,3,1,0,0
939,10,0,1,1,171,2,6,0,44,1,1,0,9,1,26,0,1,1,1,2,4,3,0,0
940,5,0,0,1,0,9,9,1,34,0,0,0,9,1,4,0,6,1,0,2,4,3,0,1
941,5,1,0,1,63,2,2,0,27,1,0,0,5,1,17,0,6,1,1,2,4,1,0,0
942,5,0,0,1,151,7,5,1,40,1,0,0,7,1,16,0,2,1,1,3,4,1,0,0
943,7,0,0,1,59,1,3,1,51,1,0,0,6,1,14,0,5,1,1,4,1,1,0,0
944,5,0,0,2,17,2,3,1,33,1,0,0,7,1,23,0,2,1,1,2,9,1,1,0
945,5,1,0,2,10,1,4,1,36,0,0,0,2,1,19,0,2,4,1,2,5,3,0,0
946,6,0,0,1,49,2,6,1,39,1,0,0,2,1,13,0,1,1,1,2,2,1,0,1
947,10,0,0,1,70,2,8,1,39,1,0,1,7,1,7,0,1,2,1,4,6,1,0,0
948,1,1,1,1,129,7,8,1,32,1,0,1,2,1,9,0,1,1,1,2,10,3,1,1
949,5,0,0,1,6,8,2,1,32,1,0,0,4,1,29,0,7,1,1,3,9,1,1,0
950,7,0,0,1,146,7,5,1,29,1,0,0,9,0,15,0,6,4,1,2,4,1,0,0
951,4,1,0,1,107,6,3,1,36,1,0,1,2,0,29,0,1,1,1,4,6,1,1,0
952,10,0,0,1,0,9,9,1,38,1,0,0,4,1,14,0,6,1,0,2,5,1,0,1
953,10,1,0,2,48,1,1,0,32,0,0,0,3,1,6,0,1,1,1,4,8,1,0,0
954,10,0,0,1,246,1,5,1,24,1,0,0,2,1,7,0,6,1,1,2,9,1,1,0
955,6,0,0,3,26,2,2,1,33,0,0,0,3,1,1,0,1,1,1,1,4,1,0,0
956,9,0,0,1,46,1,2,0,29,1,0,0,9,1,10,0,1,2,1,4,8,1,0,0
957,10,0,0,1,43,1,7,0,35,1,0,0,9,1,29,0,6,1,1,2,4,1,0,0
958,8,0,0,1,16,2,1,1,41,1,0,0,2,1,21,0,5,4,1,2,5,1,0,0
959,10,0,1,1,124,2,7,1,29,1,1,0,6,1,21,0,1,1,1,3,3,1,0,0
960,4,0,0,1,267,2,6,1,34,1,0,1,9,1,25,0,4,4,1,4,6,1,0,0
961,1,1,0,1,11,2,8,1,33,1,0,0,9,1,2,0,5,1,1,4,1,1,0,0
962,7,0,0,3,244,1,3,1,37,0,0,0,4,1,25,0,5,1,1,4,9,1,1,0
963,5,0,0,1,0,9,9,0,45,0,0,0,3,1,6,0,5,3,0,4,4,1,0,0
964,6,0,0,1,89,1,6,1,32,1,0,0,8,1,9,0,1,1,1,4,1,3,0,0
965,10,0,0,1,161,2,4,0,34,0,0,1,3,1,5,0,1,1,1,2,2,1,0,0
966,4,0,0,1,192,3,1,1,29,0,0,1,2,1,6,0,2,1,1,4,7,1,0,0
967,10,0,0,1,184,1,2,1,26,1,0,0,8,1,17,0,1,4,1,1,4,2,0,0
968,10,0,0,1,141,7,6,1,42,1,0,0,4,1,1,0,2,2,1,4,1,1,0,0
969,5,1,0,1,26,2,7,0,39,1,0,0,3,1,12,0,6,1,1,2,8,6,1,0
970,4,0,0,1,130,3,3,1,43,1,0,1,5,1,2,0,1,1,1,4,7,1,1,0
971,7,1,1,1,247,3,3,0,33,1,0,1,9,1,27,0,1,1,1,2,1,3,0,0
972,9,1,0,1,13,1,4,1,34,0,0,0,3,1,7,0,2,2,1,2,8,1,1,0
973,7,1,1,1,13,8,7,0,29,1,0,0,9,1,29,0,1,2,1,3,4,2,0,0
974,2,0,0,1,49,2,5,1,31,0,0,0,9,1,27,0,1,1,1,4,1,1,0,0
975,6,0,0,1,24,1,8,1,37,1,0,0,3,1,25,0,6,1,1,4,2,3,0,0
976,10,0,0,1,141,1,1,0,33,1,0,1,7,1,3,0,1,2,1,1,5,1,0,0
977,10,0,0,1,296,1,1,0,38,1,0,0,6,1,15,0,6,4,1,2,6,1,0,0
978,10,0,1,1,25,2,6,1,23,0,0,0,1,1,6,0,5,1,1,2,2,1,0,0
979,2,0,0,1,0,9,9,1,34,1,0,0,9,1,26,0,1,1,0,2,1,1,0,1
980,5,0,0,1,0,9,9,1,37,1,0,0,1,1,1,0,1,1,0,4,10,1,1,1
981,5,1,1,1,76,1,7,1,34,1,1,0,9,1,7,0,1,2,1,1,5,1,1,1
982,7,0,0,1,157,3,2,0,35,0,0,1,6,1,20,0,6,1,1,4,4,1,0,0
983,8,0,1,1,73,1,1,0,33,0,0,0,7,1,8,0,4,1,1,4,8,2,0,0
984,4,0,0,1,131,8,4,0,41,0,0,0,8,1,0,0,6,1,1,2,6,2,1,0
985,4,0,0,1,108,1,6,0,41,1,0,0,9,1,15,0,1,1,1,2,6,1,0,1
986,5,1,0,1,199,2,2,0,29,1,0,0,3,1,26,0,2,1,1,2,8,1,0,0
987,7,0,0,1,95,1,1,1,30,0,0,0,3,1,13,0,7,1,1,4,8,1,1,0
988,7,1,0,1,204,2,1,1,37,1,0,0,9,1,1,0,7,4,1,2,4,1,0,0
989,4,1,0,1,94,5,4,1,35,1,0,0,4,1,7,0,6,1,1,2,6,3,0,0
990,1,1,0,1,152,1,7,1,40,1,0,1,4,1,24,0,2,1,1,4,3,1,0,0
991,8,1,0,1,97,7,3,1,29,1,0,0,3,1,19,0,3,1,1,4,8,1,0,0
992,8,1,0,1,121,7,7,1,38,1,0,0,5,1,3,0,3,1,1,4,4,1,0,0
993,7,0,0,1,7,1,2,1,39,1,0,0,5,1,8,0,6,1,1,2,4,1,0,0
994,10,0,0,1,62,1,6,1,38,1,0,0,3,1,13,0,7,1,1,1,4,3,0,0
995,8,1,1,3,247,2,1,1,30,0,0,0,3,1,26,0,6,1,1,2,4,1,0,0
996,6,0,1,1,20,2,4,0,29,1,0,0,5,1,4,0,6,1,1,3,4,2,0,0
997,1,0,1,1,34,1,5,0,34,1,0,0,5,1,11,0,1,1,1,4,1,7,0,0
998,6,1,0,1,55,1,6,1,24,1,0,0,9,1,16,0,6,1,1,4,4,3,0,0
999,9,1,0,1,52,2,7,0,30,0,0,0,8,1,11,0,1,1,1,2,8,1,0,0
1000,8,0,0,1,93,1,3,1,31,1,0,0,5,1,13,0,3,4,1,4,4,1,0,0